-- phpMyAdmin SQL Dump
-- version 4.7.9
-- https://www.phpmyadmin.net/
--
-- Host: 127.0.0.1:3306
-- Generation Time: Mar 25, 2019 at 07:23 PM
-- Server version: 5.7.21
-- PHP Version: 7.2.4

SET SQL_MODE = "NO_AUTO_VALUE_ON_ZERO";
SET AUTOCOMMIT = 0;
START TRANSACTION;
SET time_zone = "+00:00";


/*!40101 SET @OLD_CHARACTER_SET_CLIENT=@@CHARACTER_SET_CLIENT */;
/*!40101 SET @OLD_CHARACTER_SET_RESULTS=@@CHARACTER_SET_RESULTS */;
/*!40101 SET @OLD_COLLATION_CONNECTION=@@COLLATION_CONNECTION */;
/*!40101 SET NAMES utf8mb4 */;

--
-- Database: `cmms`
--

-- --------------------------------------------------------

--
-- Table structure for table `articles`
--

DROP TABLE IF EXISTS `articles`;
CREATE TABLE IF NOT EXISTS `articles` (
  `id` int(10) UNSIGNED NOT NULL AUTO_INCREMENT,
  `code` varchar(191) COLLATE utf8mb4_unicode_ci NOT NULL,
  `description` text COLLATE utf8mb4_unicode_ci NOT NULL,
  `weight` double DEFAULT NULL,
  `model` varchar(191) COLLATE utf8mb4_unicode_ci NOT NULL,
  `volume` double DEFAULT NULL,
  `added_in` date DEFAULT NULL,
  `created_at` timestamp NULL DEFAULT NULL,
  `updated_at` timestamp NULL DEFAULT NULL,
  `manufacturer_id` int(10) UNSIGNED DEFAULT NULL,
  `supply_point` int(11) NOT NULL DEFAULT '0',
  PRIMARY KEY (`id`),
  KEY `articles_manufacturer_id_foreign` (`manufacturer_id`)
) ENGINE=MyISAM AUTO_INCREMENT=8 DEFAULT CHARSET=utf8mb4 COLLATE=utf8mb4_unicode_ci;

--
-- Dumping data for table `articles`
--

INSERT INTO `articles` (`id`, `code`, `description`, `weight`, `model`, `volume`, `added_in`, `created_at`, `updated_at`, `manufacturer_id`, `supply_point`) VALUES
(2, 'Machine', 'greg', 2, 'sony', 3, '2017-03-31', '2018-12-14 14:48:27', '2019-01-14 14:30:23', 5, 0),
(4, 'SERVER', '4', 1, 'dell', 1111, '2016-12-12', '2018-12-14 17:00:33', '2019-01-23 00:01:48', 6, 0),
(5, 'BIGMACHIN', 'GRGRGR', 30, '45', 25, '2017-05-06', NULL, '2019-03-25 17:53:20', 7, 10),
(6, 'ARTICLE 4', 'DESCRIPTION FOR ARTICLE 5', 25, 'LUX', 14, '2019-02-01', '2018-12-16 18:37:28', '2019-02-17 17:53:25', 6, 200),
(7, 'efz', 'ffzef', 140, '120', 100, NULL, '2019-02-14 15:10:35', '2019-03-25 17:57:03', 5, 30);

-- --------------------------------------------------------

--
-- Table structure for table `commands`
--

DROP TABLE IF EXISTS `commands`;
CREATE TABLE IF NOT EXISTS `commands` (
  `id` int(10) UNSIGNED NOT NULL AUTO_INCREMENT,
  `employee_id` int(10) UNSIGNED NOT NULL,
  `stock_id` int(10) UNSIGNED NOT NULL,
  `qte_out` int(10) UNSIGNED NOT NULL,
  `cost` int(11) NOT NULL,
  `date` date NOT NULL,
  `reason` text COLLATE utf8mb4_unicode_ci NOT NULL,
  `location_id` int(11) NOT NULL,
  `status` varchar(30) COLLATE utf8mb4_unicode_ci DEFAULT NULL,
  `article_id` int(10) UNSIGNED NOT NULL,
  `created_at` timestamp NULL DEFAULT NULL,
  `updated_at` timestamp NULL DEFAULT NULL,
  PRIMARY KEY (`id`),
  KEY `commands_employee_id_foreign` (`employee_id`),
  KEY `commands_stock_id_foreign` (`stock_id`),
  KEY `commands_location_id_foreign` (`location_id`),
  KEY `commands_article_id_foreign` (`article_id`)
) ENGINE=MyISAM AUTO_INCREMENT=1004 DEFAULT CHARSET=utf8mb4 COLLATE=utf8mb4_unicode_ci;

--
-- Dumping data for table `commands`
--

INSERT INTO `commands` (`id`, `employee_id`, `stock_id`, `qte_out`, `cost`, `date`, `reason`, `location_id`, `status`, `article_id`, `created_at`, `updated_at`) VALUES
(2, 2, 29, 51, 1200, '2018-12-24', 'ghghgh', 2, 'valid', 6, '2018-12-24 20:57:54', '2018-12-24 20:57:54'),
(3, 5, 20, 72, 1400, '2019-12-24', 'chi haja', 3, 'pending', 2, '2019-01-21 21:43:17', '2019-01-21 21:47:26'),
(4, 2, 20, 51, 1200, '2018-12-24', 'ghghgh', 1, 'valid', 2, '2019-01-22 21:52:25', '2019-01-22 21:52:25'),
(5, 2, 20, 51, 1200, '2018-12-24', 'ghghgh', 3, 'valid', 2, '2019-01-22 21:52:25', '2019-01-22 21:52:25'),
(6, 2, 20, 51, 1200, '2018-12-24', 'ghghgh', 3, 'valid', 4, '2019-01-22 21:52:25', '2019-01-22 21:52:25'),
(7, 2, 29, 51, 1200, '2018-12-24', 'ghghgh', 3, 'valid', 6, '2019-01-22 21:52:25', '2019-01-22 21:52:25'),
(8, 2, 29, 51, 1200, '2018-12-24', 'ghghgh', 2, 'valid', 5, '2019-01-22 21:52:25', '2019-01-22 21:52:25'),
(9, 2, 20, 51, 1200, '2018-12-24', 'ghghgh', 3, 'valid', 4, '2019-01-22 21:52:25', '2019-01-22 21:52:25'),
(10, 2, 30, 51, 1200, '2018-12-24', 'ghghgh', 1, 'valid', 6, '2019-01-22 21:52:25', '2019-01-22 21:52:25'),
(11, 2, 29, 51, 1200, '2018-12-24', 'ghghgh', 1, 'valid', 2, '2019-01-22 21:52:25', '2019-01-22 21:52:25'),
(12, 2, 30, 51, 1200, '2018-12-24', 'ghghgh', 1, 'valid', 6, '2019-01-22 21:52:25', '2019-01-22 21:52:25'),
(13, 2, 24, 51, 1200, '2018-12-24', 'ghghgh', 3, 'valid', 5, '2019-01-22 21:52:25', '2019-01-22 21:52:25'),
(14, 2, 29, 51, 1200, '2018-12-24', 'ghghgh', 1, 'valid', 4, '2019-01-22 21:52:25', '2019-01-22 21:52:25'),
(15, 2, 30, 51, 1200, '2018-12-24', 'ghghgh', 1, 'valid', 5, '2019-01-22 21:52:25', '2019-01-22 21:52:25'),
(16, 2, 29, 51, 1200, '2018-12-24', 'ghghgh', 1, 'valid', 5, '2019-01-22 21:52:25', '2019-01-22 21:52:25'),
(17, 2, 30, 51, 1200, '2018-12-24', 'ghghgh', 1, 'valid', 2, '2019-01-22 21:52:25', '2019-01-22 21:52:25'),
(18, 2, 29, 51, 1200, '2018-12-24', 'ghghgh', 3, 'valid', 5, '2019-01-22 21:52:25', '2019-01-22 21:52:25'),
(19, 2, 30, 51, 1200, '2018-12-24', 'ghghgh', 2, 'valid', 5, '2019-01-22 21:52:25', '2019-01-22 21:52:25'),
(20, 2, 20, 51, 1200, '2018-12-24', 'ghghgh', 3, 'valid', 4, '2019-01-22 21:52:25', '2019-01-22 21:52:25'),
(21, 2, 20, 51, 1200, '2018-12-24', 'ghghgh', 3, 'valid', 4, '2019-01-22 21:52:25', '2019-01-22 21:52:25'),
(22, 2, 30, 51, 1200, '2018-12-24', 'ghghgh', 2, 'valid', 5, '2019-01-22 21:52:25', '2019-01-22 21:52:25'),
(23, 2, 29, 51, 1200, '2018-12-24', 'ghghgh', 3, 'valid', 5, '2019-01-22 21:52:25', '2019-01-22 21:52:25'),
(24, 2, 20, 51, 1200, '2018-12-24', 'ghghgh', 1, 'valid', 4, '2019-01-22 21:52:25', '2019-01-22 21:52:25'),
(25, 2, 29, 51, 1200, '2018-12-24', 'ghghgh', 3, 'valid', 2, '2019-01-22 21:52:25', '2019-01-22 21:52:25'),
(26, 2, 30, 51, 1200, '2018-12-24', 'ghghgh', 2, 'valid', 5, '2019-01-22 21:52:25', '2019-01-22 21:52:25'),
(27, 2, 29, 51, 1200, '2018-12-24', 'ghghgh', 1, 'valid', 5, '2019-01-22 21:52:25', '2019-01-22 21:52:25'),
(28, 2, 20, 51, 1200, '2018-12-24', 'ghghgh', 2, 'valid', 5, '2019-01-22 21:52:25', '2019-01-22 21:52:25'),
(29, 2, 20, 51, 1200, '2018-12-24', 'ghghgh', 1, 'valid', 6, '2019-01-22 21:52:25', '2019-01-22 21:52:25'),
(30, 2, 29, 51, 1200, '2018-12-24', 'ghghgh', 2, 'valid', 6, '2019-01-22 21:52:25', '2019-01-22 21:52:25'),
(31, 2, 29, 51, 1200, '2018-12-24', 'ghghgh', 3, 'valid', 5, '2019-01-22 21:52:25', '2019-01-22 21:52:25'),
(32, 2, 30, 51, 1200, '2018-12-24', 'ghghgh', 1, 'valid', 6, '2019-01-22 21:52:25', '2019-01-22 21:52:25'),
(33, 2, 29, 51, 1200, '2018-12-24', 'ghghgh', 1, 'valid', 5, '2019-01-22 21:52:25', '2019-01-22 21:52:25'),
(34, 2, 24, 51, 1200, '2018-12-24', 'ghghgh', 2, 'valid', 5, '2019-01-22 21:52:25', '2019-01-22 21:52:25'),
(35, 2, 30, 51, 1200, '2018-12-24', 'ghghgh', 3, 'valid', 5, '2019-01-22 21:52:25', '2019-01-22 21:52:25'),
(36, 2, 29, 51, 1200, '2018-12-24', 'ghghgh', 1, 'valid', 5, '2019-01-22 21:52:25', '2019-01-22 21:52:25'),
(37, 2, 29, 51, 1200, '2018-12-24', 'ghghgh', 2, 'valid', 6, '2019-01-22 21:52:25', '2019-01-22 21:52:25'),
(38, 2, 20, 51, 1200, '2018-12-24', 'ghghgh', 1, 'valid', 6, '2019-01-22 21:52:25', '2019-01-22 21:52:25'),
(39, 2, 24, 51, 1200, '2018-12-24', 'ghghgh', 3, 'valid', 6, '2019-01-22 21:52:25', '2019-01-22 21:52:25'),
(40, 2, 24, 51, 1200, '2018-12-24', 'ghghgh', 1, 'valid', 4, '2019-01-22 21:52:25', '2019-01-22 21:52:25'),
(41, 2, 24, 51, 1200, '2018-12-24', 'ghghgh', 1, 'valid', 6, '2019-01-22 21:52:25', '2019-01-22 21:52:25'),
(42, 2, 20, 51, 1200, '2018-12-24', 'ghghgh', 3, 'valid', 4, '2019-01-22 21:52:25', '2019-01-22 21:52:25'),
(43, 2, 30, 51, 1200, '2018-12-24', 'ghghgh', 3, 'valid', 2, '2019-01-22 21:52:25', '2019-01-22 21:52:25'),
(44, 2, 20, 51, 1200, '2018-12-24', 'ghghgh', 2, 'valid', 2, '2019-01-22 21:52:25', '2019-01-22 21:52:25'),
(45, 2, 20, 51, 1200, '2018-12-24', 'ghghgh', 1, 'valid', 2, '2019-01-22 21:52:25', '2019-01-22 21:52:25'),
(46, 2, 30, 51, 1200, '2018-12-24', 'ghghgh', 2, 'valid', 2, '2019-01-22 21:52:25', '2019-01-22 21:52:25'),
(47, 2, 20, 51, 1200, '2018-12-24', 'ghghgh', 2, 'valid', 4, '2019-01-22 21:52:25', '2019-01-22 21:52:25'),
(48, 2, 20, 51, 1200, '2018-12-24', 'ghghgh', 3, 'valid', 5, '2019-01-22 21:52:25', '2019-01-22 21:52:25'),
(49, 2, 24, 51, 1200, '2018-12-24', 'ghghgh', 3, 'valid', 2, '2019-01-22 21:52:25', '2019-01-22 21:52:25'),
(50, 2, 20, 51, 1200, '2018-12-24', 'ghghgh', 1, 'valid', 4, '2019-01-22 21:52:25', '2019-01-22 21:52:25'),
(51, 2, 29, 51, 1200, '2018-12-24', 'ghghgh', 1, 'valid', 4, '2019-01-22 21:52:25', '2019-01-22 21:52:25'),
(52, 2, 30, 51, 1200, '2018-12-24', 'ghghgh', 3, 'valid', 6, '2019-01-22 21:52:25', '2019-01-22 21:52:25'),
(53, 2, 30, 51, 1200, '2018-12-24', 'ghghgh', 2, 'valid', 2, '2019-01-22 21:52:25', '2019-01-22 21:52:25'),
(54, 2, 20, 51, 1200, '2018-12-24', 'ghghgh', 3, 'valid', 6, '2019-01-22 21:52:25', '2019-01-22 21:52:25'),
(55, 2, 29, 51, 1200, '2018-12-24', 'ghghgh', 1, 'valid', 2, '2019-01-22 21:52:25', '2019-01-22 21:52:25'),
(56, 2, 24, 51, 1200, '2018-12-24', 'ghghgh', 3, 'valid', 6, '2019-01-22 21:52:25', '2019-01-22 21:52:25'),
(57, 2, 24, 51, 1200, '2018-12-24', 'ghghgh', 3, 'valid', 2, '2019-01-22 21:52:25', '2019-01-22 21:52:25'),
(58, 2, 24, 51, 1200, '2018-12-24', 'ghghgh', 1, 'valid', 4, '2019-01-22 21:52:25', '2019-01-22 21:52:25'),
(59, 2, 29, 51, 1200, '2018-12-24', 'ghghgh', 1, 'valid', 5, '2019-01-22 21:52:25', '2019-01-22 21:52:25'),
(60, 2, 30, 51, 1200, '2018-12-24', 'ghghgh', 3, 'valid', 4, '2019-01-22 21:52:25', '2019-01-22 21:52:25'),
(61, 2, 30, 51, 1200, '2018-12-24', 'ghghgh', 1, 'valid', 5, '2019-01-22 21:52:25', '2019-01-22 21:52:25'),
(62, 2, 20, 51, 1200, '2018-12-24', 'ghghgh', 2, 'valid', 2, '2019-01-22 21:52:25', '2019-01-22 21:52:25'),
(63, 2, 29, 51, 1200, '2018-12-24', 'ghghgh', 3, 'valid', 5, '2019-01-22 21:52:25', '2019-01-22 21:52:25'),
(64, 2, 20, 51, 1200, '2018-12-24', 'ghghgh', 3, 'valid', 5, '2019-01-22 21:52:25', '2019-01-22 21:52:25'),
(65, 2, 30, 51, 1200, '2018-12-24', 'ghghgh', 2, 'valid', 5, '2019-01-22 21:52:25', '2019-01-22 21:52:25'),
(66, 2, 29, 51, 1200, '2018-12-24', 'ghghgh', 2, 'valid', 6, '2019-01-22 21:52:25', '2019-01-22 21:52:25'),
(67, 2, 24, 51, 1200, '2018-12-24', 'ghghgh', 2, 'valid', 4, '2019-01-22 21:52:25', '2019-01-22 21:52:25'),
(68, 2, 24, 51, 1200, '2018-12-24', 'ghghgh', 2, 'valid', 5, '2019-01-22 21:52:25', '2019-01-22 21:52:25'),
(69, 2, 29, 51, 1200, '2018-12-24', 'ghghgh', 2, 'valid', 4, '2019-01-22 21:52:25', '2019-01-22 21:52:25'),
(70, 2, 29, 51, 1200, '2018-12-24', 'ghghgh', 1, 'valid', 2, '2019-01-22 21:52:26', '2019-01-22 21:52:26'),
(71, 2, 20, 51, 1200, '2018-12-24', 'ghghgh', 3, 'valid', 6, '2019-01-22 21:52:26', '2019-01-22 21:52:26'),
(72, 2, 29, 51, 1200, '2018-12-24', 'ghghgh', 3, 'valid', 2, '2019-01-22 21:52:26', '2019-01-22 21:52:26'),
(73, 2, 20, 51, 1200, '2018-12-24', 'ghghgh', 3, 'valid', 6, '2019-01-22 21:52:26', '2019-01-22 21:52:26'),
(74, 2, 30, 51, 1200, '2018-12-24', 'ghghgh', 1, 'valid', 6, '2019-01-22 21:52:26', '2019-01-22 21:52:26'),
(75, 2, 29, 51, 1200, '2018-12-24', 'ghghgh', 2, 'valid', 6, '2019-01-22 21:52:26', '2019-01-22 21:52:26'),
(76, 2, 24, 51, 1200, '2018-12-24', 'ghghgh', 2, 'valid', 6, '2019-01-22 21:52:26', '2019-01-22 21:52:26'),
(77, 2, 20, 51, 1200, '2018-12-24', 'ghghgh', 2, 'valid', 5, '2019-01-22 21:52:26', '2019-01-22 21:52:26'),
(78, 2, 20, 51, 1200, '2018-12-24', 'ghghgh', 2, 'valid', 4, '2019-01-22 21:52:26', '2019-01-22 21:52:26'),
(79, 2, 30, 51, 1200, '2018-12-24', 'ghghgh', 1, 'valid', 5, '2019-01-22 21:52:26', '2019-01-22 21:52:26'),
(80, 2, 30, 51, 1200, '2018-12-24', 'ghghgh', 3, 'valid', 5, '2019-01-22 21:52:26', '2019-01-22 21:52:26'),
(81, 2, 24, 51, 1200, '2018-12-24', 'ghghgh', 2, 'valid', 6, '2019-01-22 21:52:26', '2019-01-22 21:52:26'),
(82, 2, 30, 51, 1200, '2018-12-24', 'ghghgh', 3, 'valid', 2, '2019-01-22 21:52:26', '2019-01-22 21:52:26'),
(83, 2, 24, 51, 1200, '2018-12-24', 'ghghgh', 2, 'valid', 2, '2019-01-22 21:52:26', '2019-01-22 21:52:26'),
(84, 2, 24, 51, 1200, '2018-12-24', 'ghghgh', 2, 'valid', 2, '2019-01-22 21:52:26', '2019-01-22 21:52:26'),
(85, 2, 30, 51, 1200, '2018-12-24', 'ghghgh', 1, 'valid', 5, '2019-01-22 21:52:26', '2019-01-22 21:52:26'),
(86, 2, 20, 51, 1200, '2018-12-24', 'ghghgh', 1, 'valid', 6, '2019-01-22 21:52:26', '2019-01-22 21:52:26'),
(87, 2, 20, 51, 1200, '2018-12-24', 'ghghgh', 2, 'valid', 2, '2019-01-22 21:52:26', '2019-01-22 21:52:26'),
(88, 2, 30, 51, 1200, '2018-12-24', 'ghghgh', 3, 'valid', 2, '2019-01-22 21:52:26', '2019-01-22 21:52:26'),
(89, 2, 20, 51, 1200, '2018-12-24', 'ghghgh', 3, 'valid', 6, '2019-01-22 21:52:26', '2019-01-22 21:52:26'),
(90, 2, 24, 51, 1200, '2018-12-24', 'ghghgh', 3, 'valid', 6, '2019-01-22 21:52:26', '2019-01-22 21:52:26'),
(91, 2, 29, 51, 1200, '2018-12-24', 'ghghgh', 3, 'valid', 4, '2019-01-22 21:52:26', '2019-01-22 21:52:26'),
(92, 2, 24, 51, 1200, '2018-12-24', 'ghghgh', 2, 'valid', 2, '2019-01-22 21:52:26', '2019-01-22 21:52:26'),
(93, 2, 24, 51, 1200, '2018-12-24', 'ghghgh', 1, 'valid', 4, '2019-01-22 21:52:26', '2019-01-22 21:52:26'),
(94, 2, 20, 51, 1200, '2018-12-24', 'ghghgh', 1, 'valid', 5, '2019-01-22 21:52:26', '2019-01-22 21:52:26'),
(95, 2, 24, 51, 1200, '2018-12-24', 'ghghgh', 2, 'valid', 5, '2019-01-22 21:52:26', '2019-01-22 21:52:26'),
(96, 2, 20, 51, 1200, '2018-12-24', 'ghghgh', 1, 'valid', 5, '2019-01-22 21:52:26', '2019-01-22 21:52:26'),
(97, 2, 20, 51, 1200, '2018-12-24', 'ghghgh', 2, 'valid', 5, '2019-01-22 21:52:26', '2019-01-22 21:52:26'),
(98, 2, 24, 51, 1200, '2018-12-24', 'ghghgh', 3, 'valid', 4, '2019-01-22 21:52:26', '2019-01-22 21:52:26'),
(99, 2, 24, 51, 1200, '2018-12-24', 'ghghgh', 2, 'valid', 2, '2019-01-22 21:52:26', '2019-01-22 21:52:26'),
(100, 2, 24, 51, 1200, '2018-12-24', 'ghghgh', 1, 'valid', 2, '2019-01-22 21:52:26', '2019-01-22 21:52:26'),
(101, 2, 29, 51, 1200, '2018-12-24', 'ghghgh', 3, 'valid', 5, '2019-01-22 21:52:26', '2019-01-22 21:52:26'),
(102, 2, 29, 51, 1200, '2018-12-24', 'ghghgh', 2, 'valid', 6, '2019-01-22 21:52:26', '2019-01-22 21:52:26'),
(103, 2, 20, 51, 1200, '2018-12-24', 'ghghgh', 2, 'valid', 6, '2019-01-22 21:52:26', '2019-01-22 21:52:26'),
(104, 2, 30, 51, 1200, '2018-12-24', 'ghghgh', 2, 'valid', 4, '2019-01-22 21:52:26', '2019-01-22 21:52:26'),
(105, 2, 29, 51, 1200, '2018-12-24', 'ghghgh', 2, 'valid', 2, '2019-01-22 21:52:26', '2019-01-22 21:52:26'),
(106, 2, 20, 51, 1200, '2018-12-24', 'ghghgh', 3, 'valid', 5, '2019-01-22 21:52:26', '2019-01-22 21:52:26'),
(107, 2, 24, 51, 1200, '2018-12-24', 'ghghgh', 2, 'valid', 6, '2019-01-22 21:52:26', '2019-01-22 21:52:26'),
(108, 2, 30, 51, 1200, '2018-12-24', 'ghghgh', 2, 'valid', 5, '2019-01-22 21:52:26', '2019-01-22 21:52:26'),
(109, 2, 20, 51, 1200, '2018-12-24', 'ghghgh', 1, 'valid', 5, '2019-01-22 21:52:26', '2019-01-22 21:52:26'),
(110, 2, 29, 51, 1200, '2018-12-24', 'ghghgh', 2, 'valid', 5, '2019-01-22 21:52:26', '2019-01-22 21:52:26'),
(111, 2, 24, 51, 1200, '2018-12-24', 'ghghgh', 2, 'valid', 6, '2019-01-22 21:52:26', '2019-01-22 21:52:26'),
(112, 2, 24, 51, 1200, '2018-12-24', 'ghghgh', 2, 'valid', 2, '2019-01-22 21:52:26', '2019-01-22 21:52:26'),
(113, 2, 24, 51, 1200, '2018-12-24', 'ghghgh', 2, 'valid', 6, '2019-01-22 21:52:26', '2019-01-22 21:52:26'),
(114, 2, 20, 51, 1200, '2018-12-24', 'ghghgh', 3, 'valid', 2, '2019-01-22 21:52:26', '2019-01-22 21:52:26'),
(115, 2, 30, 51, 1200, '2018-12-24', 'ghghgh', 1, 'valid', 2, '2019-01-22 21:52:26', '2019-01-22 21:52:26'),
(116, 2, 30, 51, 1200, '2018-12-24', 'ghghgh', 2, 'valid', 5, '2019-01-22 21:52:26', '2019-01-22 21:52:26'),
(117, 2, 24, 51, 1200, '2018-12-24', 'ghghgh', 1, 'valid', 2, '2019-01-22 21:52:26', '2019-01-22 21:52:26'),
(118, 2, 29, 51, 1200, '2018-12-24', 'ghghgh', 3, 'valid', 4, '2019-01-22 21:52:26', '2019-01-22 21:52:26'),
(119, 2, 20, 51, 1200, '2018-12-24', 'ghghgh', 2, 'valid', 5, '2019-01-22 21:52:26', '2019-01-22 21:52:26'),
(120, 2, 30, 51, 1200, '2018-12-24', 'ghghgh', 3, 'valid', 6, '2019-01-22 21:52:26', '2019-01-22 21:52:26'),
(121, 2, 24, 51, 1200, '2018-12-24', 'ghghgh', 3, 'valid', 6, '2019-01-22 21:52:26', '2019-01-22 21:52:26'),
(122, 2, 20, 51, 1200, '2018-12-24', 'ghghgh', 1, 'valid', 4, '2019-01-22 21:52:26', '2019-01-22 21:52:26'),
(123, 2, 29, 51, 1200, '2018-12-24', 'ghghgh', 3, 'valid', 5, '2019-01-22 21:52:26', '2019-01-22 21:52:26'),
(124, 2, 30, 51, 1200, '2018-12-24', 'ghghgh', 1, 'valid', 4, '2019-01-22 21:52:26', '2019-01-22 21:52:26'),
(125, 2, 30, 51, 1200, '2018-12-24', 'ghghgh', 3, 'valid', 4, '2019-01-22 21:52:26', '2019-01-22 21:52:26'),
(126, 2, 24, 51, 1200, '2018-12-24', 'ghghgh', 3, 'valid', 2, '2019-01-22 21:52:26', '2019-01-22 21:52:26'),
(127, 2, 20, 51, 1200, '2018-12-24', 'ghghgh', 2, 'valid', 4, '2019-01-22 21:52:26', '2019-01-22 21:52:26'),
(128, 2, 24, 51, 1200, '2018-12-24', 'ghghgh', 1, 'valid', 2, '2019-01-22 21:52:26', '2019-01-22 21:52:26'),
(129, 2, 29, 51, 1200, '2018-12-24', 'ghghgh', 1, 'valid', 2, '2019-01-22 21:52:26', '2019-01-22 21:52:26'),
(130, 2, 29, 51, 1200, '2018-12-24', 'ghghgh', 3, 'valid', 4, '2019-01-22 21:52:26', '2019-01-22 21:52:26'),
(131, 2, 29, 51, 1200, '2018-12-24', 'ghghgh', 3, 'valid', 2, '2019-01-22 21:52:26', '2019-01-22 21:52:26'),
(132, 2, 30, 51, 1200, '2018-12-24', 'ghghgh', 2, 'valid', 4, '2019-01-22 21:52:26', '2019-01-22 21:52:26'),
(133, 2, 29, 51, 1200, '2018-12-24', 'ghghgh', 3, 'valid', 5, '2019-01-22 21:52:26', '2019-01-22 21:52:26'),
(134, 2, 29, 51, 1200, '2018-12-24', 'ghghgh', 3, 'valid', 5, '2019-01-22 21:52:26', '2019-01-22 21:52:26'),
(135, 2, 20, 51, 1200, '2018-12-24', 'ghghgh', 1, 'valid', 6, '2019-01-22 21:52:26', '2019-01-22 21:52:26'),
(136, 2, 29, 51, 1200, '2018-12-24', 'ghghgh', 2, 'valid', 4, '2019-01-22 21:52:26', '2019-01-22 21:52:26'),
(137, 2, 20, 51, 1200, '2018-12-24', 'ghghgh', 2, 'valid', 4, '2019-01-22 21:52:26', '2019-01-22 21:52:26'),
(138, 2, 29, 51, 1200, '2018-12-24', 'ghghgh', 1, 'valid', 5, '2019-01-22 21:52:26', '2019-01-22 21:52:26'),
(139, 2, 20, 51, 1200, '2018-12-24', 'ghghgh', 3, 'valid', 2, '2019-01-22 21:52:26', '2019-01-22 21:52:26'),
(140, 2, 20, 51, 1200, '2018-12-24', 'ghghgh', 3, 'valid', 5, '2019-01-22 21:52:26', '2019-01-22 21:52:26'),
(141, 2, 30, 51, 1200, '2018-12-24', 'ghghgh', 1, 'valid', 5, '2019-01-22 21:52:26', '2019-01-22 21:52:26'),
(142, 2, 29, 51, 1200, '2018-12-24', 'ghghgh', 3, 'valid', 6, '2019-01-22 21:52:26', '2019-01-22 21:52:26'),
(143, 2, 24, 51, 1200, '2018-12-24', 'ghghgh', 2, 'valid', 6, '2019-01-22 21:52:26', '2019-01-22 21:52:26'),
(144, 2, 29, 51, 1200, '2018-12-24', 'ghghgh', 1, 'valid', 2, '2019-01-22 21:52:26', '2019-01-22 21:52:26'),
(145, 2, 30, 51, 1200, '2018-12-24', 'ghghgh', 1, 'valid', 6, '2019-01-22 21:52:26', '2019-01-22 21:52:26'),
(146, 2, 20, 51, 1200, '2018-12-24', 'ghghgh', 3, 'valid', 5, '2019-01-22 21:52:26', '2019-01-22 21:52:26'),
(147, 2, 20, 51, 1200, '2018-12-24', 'ghghgh', 1, 'valid', 6, '2019-01-22 21:52:26', '2019-01-22 21:52:26'),
(148, 2, 24, 51, 1200, '2018-12-24', 'ghghgh', 3, 'valid', 4, '2019-01-22 21:52:26', '2019-01-22 21:52:26'),
(149, 2, 29, 51, 1200, '2018-12-24', 'ghghgh', 3, 'valid', 4, '2019-01-22 21:52:26', '2019-01-22 21:52:26'),
(150, 2, 24, 51, 1200, '2018-12-24', 'ghghgh', 3, 'valid', 5, '2019-01-22 21:52:26', '2019-01-22 21:52:26'),
(151, 2, 24, 51, 1200, '2018-12-24', 'ghghgh', 1, 'valid', 5, '2019-01-22 21:52:26', '2019-01-22 21:52:26'),
(152, 2, 20, 51, 1200, '2018-12-24', 'ghghgh', 1, 'valid', 4, '2019-01-22 21:52:26', '2019-01-22 21:52:26'),
(153, 2, 30, 51, 1200, '2018-12-24', 'ghghgh', 1, 'valid', 4, '2019-01-22 21:52:26', '2019-01-22 21:52:26'),
(154, 2, 20, 51, 1200, '2018-12-24', 'ghghgh', 1, 'valid', 2, '2019-01-22 21:52:26', '2019-01-22 21:52:26'),
(155, 2, 29, 51, 1200, '2018-12-24', 'ghghgh', 2, 'valid', 6, '2019-01-22 21:52:26', '2019-01-22 21:52:26'),
(156, 2, 30, 51, 1200, '2018-12-24', 'ghghgh', 1, 'valid', 2, '2019-01-22 21:52:26', '2019-01-22 21:52:26'),
(157, 2, 30, 51, 1200, '2018-12-24', 'ghghgh', 2, 'valid', 4, '2019-01-22 21:52:26', '2019-01-22 21:52:26'),
(158, 2, 20, 51, 1200, '2018-12-24', 'ghghgh', 3, 'valid', 2, '2019-01-22 21:52:26', '2019-01-22 21:52:26'),
(159, 2, 30, 51, 1200, '2018-12-24', 'ghghgh', 1, 'valid', 6, '2019-01-22 21:52:26', '2019-01-22 21:52:26'),
(160, 2, 24, 51, 1200, '2018-12-24', 'ghghgh', 1, 'valid', 5, '2019-01-22 21:52:26', '2019-01-22 21:52:26'),
(161, 2, 20, 51, 1200, '2018-12-24', 'ghghgh', 3, 'valid', 6, '2019-01-22 21:52:26', '2019-01-22 21:52:26'),
(162, 2, 20, 51, 1200, '2018-12-24', 'ghghgh', 3, 'valid', 5, '2019-01-22 21:52:26', '2019-01-22 21:52:26'),
(163, 2, 20, 51, 1200, '2018-12-24', 'ghghgh', 3, 'valid', 5, '2019-01-22 21:52:26', '2019-01-22 21:52:26'),
(164, 2, 30, 51, 1200, '2018-12-24', 'ghghgh', 3, 'valid', 6, '2019-01-22 21:52:26', '2019-01-22 21:52:26'),
(165, 2, 24, 51, 1200, '2018-12-24', 'ghghgh', 2, 'valid', 4, '2019-01-22 21:52:26', '2019-01-22 21:52:26'),
(166, 2, 30, 51, 1200, '2018-12-24', 'ghghgh', 2, 'valid', 6, '2019-01-22 21:52:26', '2019-01-22 21:52:26'),
(167, 2, 24, 51, 1200, '2018-12-24', 'ghghgh', 1, 'valid', 2, '2019-01-22 21:52:26', '2019-01-22 21:52:26'),
(168, 2, 29, 51, 1200, '2018-12-24', 'ghghgh', 3, 'valid', 4, '2019-01-22 21:52:26', '2019-01-22 21:52:26'),
(169, 2, 24, 51, 1200, '2018-12-24', 'ghghgh', 3, 'valid', 6, '2019-01-22 21:52:26', '2019-01-22 21:52:26'),
(170, 2, 20, 51, 1200, '2018-12-24', 'ghghgh', 1, 'valid', 2, '2019-01-22 21:52:26', '2019-01-22 21:52:26'),
(171, 2, 29, 51, 1200, '2018-12-24', 'ghghgh', 2, 'valid', 4, '2019-01-22 21:52:26', '2019-01-22 21:52:26'),
(172, 2, 20, 51, 1200, '2018-12-24', 'ghghgh', 1, 'valid', 6, '2019-01-22 21:52:26', '2019-01-22 21:52:26'),
(173, 2, 30, 51, 1200, '2018-12-24', 'ghghgh', 2, 'valid', 2, '2019-01-22 21:52:26', '2019-01-22 21:52:26'),
(174, 2, 29, 51, 1200, '2018-12-24', 'ghghgh', 2, 'valid', 2, '2019-01-22 21:52:26', '2019-01-22 21:52:26'),
(175, 2, 29, 51, 1200, '2018-12-24', 'ghghgh', 2, 'valid', 4, '2019-01-22 21:52:26', '2019-01-22 21:52:26'),
(176, 2, 24, 51, 1200, '2018-12-24', 'ghghgh', 1, 'valid', 5, '2019-01-22 21:52:26', '2019-01-22 21:52:26'),
(177, 2, 29, 51, 1200, '2018-12-24', 'ghghgh', 3, 'valid', 2, '2019-01-22 21:52:26', '2019-01-22 21:52:26'),
(178, 2, 24, 51, 1200, '2018-12-24', 'ghghgh', 1, 'valid', 6, '2019-01-22 21:52:26', '2019-01-22 21:52:26'),
(179, 2, 29, 51, 1200, '2018-12-24', 'ghghgh', 2, 'valid', 4, '2019-01-22 21:52:26', '2019-01-22 21:52:26'),
(180, 2, 30, 51, 1200, '2018-12-24', 'ghghgh', 3, 'valid', 2, '2019-01-22 21:52:26', '2019-01-22 21:52:26'),
(181, 2, 24, 51, 1200, '2018-12-24', 'ghghgh', 1, 'valid', 2, '2019-01-22 21:52:26', '2019-01-22 21:52:26'),
(182, 2, 20, 51, 1200, '2018-12-24', 'ghghgh', 2, 'valid', 2, '2019-01-22 21:52:26', '2019-01-22 21:52:26'),
(183, 2, 20, 51, 1200, '2018-12-24', 'ghghgh', 3, 'valid', 2, '2019-01-22 21:52:26', '2019-01-22 21:52:26'),
(184, 2, 24, 51, 1200, '2018-12-24', 'ghghgh', 1, 'valid', 6, '2019-01-22 21:52:26', '2019-01-22 21:52:26'),
(185, 2, 30, 51, 1200, '2018-12-24', 'ghghgh', 1, 'valid', 5, '2019-01-22 21:52:26', '2019-01-22 21:52:26'),
(186, 2, 20, 51, 1200, '2018-12-24', 'ghghgh', 3, 'valid', 2, '2019-01-22 21:52:26', '2019-01-22 21:52:26'),
(187, 2, 29, 51, 1200, '2018-12-24', 'ghghgh', 3, 'valid', 2, '2019-01-22 21:52:26', '2019-01-22 21:52:26'),
(188, 2, 29, 51, 1200, '2018-12-24', 'ghghgh', 2, 'valid', 2, '2019-01-22 21:52:26', '2019-01-22 21:52:26'),
(189, 2, 20, 51, 1200, '2018-12-24', 'ghghgh', 2, 'valid', 2, '2019-01-22 21:52:26', '2019-01-22 21:52:26'),
(190, 2, 29, 51, 1200, '2018-12-24', 'ghghgh', 3, 'valid', 4, '2019-01-22 21:52:26', '2019-01-22 21:52:26'),
(191, 2, 29, 51, 1200, '2018-12-24', 'ghghgh', 3, 'valid', 4, '2019-01-22 21:52:26', '2019-01-22 21:52:26'),
(192, 2, 29, 51, 1200, '2018-12-24', 'ghghgh', 2, 'valid', 5, '2019-01-22 21:52:26', '2019-01-22 21:52:26'),
(193, 2, 20, 51, 1200, '2018-12-24', 'ghghgh', 2, 'valid', 5, '2019-01-22 21:52:26', '2019-01-22 21:52:26'),
(194, 2, 24, 51, 1200, '2018-12-24', 'ghghgh', 2, 'valid', 6, '2019-01-22 21:52:26', '2019-01-22 21:52:26'),
(195, 2, 29, 51, 1200, '2018-12-24', 'ghghgh', 3, 'valid', 5, '2019-01-22 21:52:26', '2019-01-22 21:52:26'),
(196, 2, 30, 51, 1200, '2018-12-24', 'ghghgh', 2, 'valid', 2, '2019-01-22 21:52:26', '2019-01-22 21:52:26'),
(197, 2, 24, 51, 1200, '2018-12-24', 'ghghgh', 3, 'valid', 5, '2019-01-22 21:52:26', '2019-01-22 21:52:26'),
(198, 2, 24, 51, 1200, '2018-12-24', 'ghghgh', 3, 'valid', 2, '2019-01-22 21:52:26', '2019-01-22 21:52:26'),
(199, 2, 24, 51, 1200, '2018-12-24', 'ghghgh', 2, 'valid', 6, '2019-01-22 21:52:26', '2019-01-22 21:52:26'),
(200, 2, 20, 51, 1200, '2018-12-24', 'ghghgh', 3, 'valid', 5, '2019-01-22 21:52:26', '2019-01-22 21:52:26'),
(201, 2, 30, 51, 1200, '2018-12-24', 'ghghgh', 3, 'valid', 2, '2019-01-22 21:52:26', '2019-01-22 21:52:26'),
(202, 2, 30, 51, 1200, '2018-12-24', 'ghghgh', 2, 'valid', 2, '2019-01-22 21:52:26', '2019-01-22 21:52:26'),
(203, 2, 20, 51, 1200, '2018-12-24', 'ghghgh', 1, 'valid', 5, '2019-01-22 21:52:26', '2019-01-22 21:52:26'),
(204, 2, 24, 51, 1200, '2018-12-24', 'ghghgh', 2, 'valid', 5, '2019-01-22 21:52:26', '2019-01-22 21:52:26'),
(205, 2, 24, 51, 1200, '2018-12-24', 'ghghgh', 3, 'valid', 6, '2019-01-22 21:52:26', '2019-01-22 21:52:26'),
(206, 2, 29, 51, 1200, '2018-12-24', 'ghghgh', 3, 'valid', 4, '2019-01-22 21:52:26', '2019-01-22 21:52:26'),
(207, 2, 29, 51, 1200, '2018-12-24', 'ghghgh', 3, 'valid', 5, '2019-01-22 21:52:26', '2019-01-22 21:52:26'),
(208, 2, 30, 51, 1200, '2018-12-24', 'ghghgh', 3, 'valid', 2, '2019-01-22 21:52:26', '2019-01-22 21:52:26'),
(209, 2, 20, 51, 1200, '2018-12-24', 'ghghgh', 1, 'valid', 2, '2019-01-22 21:52:26', '2019-01-22 21:52:26'),
(210, 2, 20, 51, 1200, '2018-12-24', 'ghghgh', 3, 'valid', 2, '2019-01-22 21:52:26', '2019-01-22 21:52:26'),
(211, 2, 29, 51, 1200, '2018-12-24', 'ghghgh', 2, 'valid', 2, '2019-01-22 21:52:26', '2019-01-22 21:52:26'),
(212, 2, 20, 51, 1200, '2018-12-24', 'ghghgh', 1, 'valid', 2, '2019-01-22 21:52:26', '2019-01-22 21:52:26'),
(213, 2, 24, 51, 1200, '2018-12-24', 'ghghgh', 1, 'valid', 4, '2019-01-22 21:52:26', '2019-01-22 21:52:26'),
(214, 2, 29, 51, 1200, '2018-12-24', 'ghghgh', 1, 'valid', 6, '2019-01-22 21:52:26', '2019-01-22 21:52:26'),
(215, 2, 20, 51, 1200, '2018-12-24', 'ghghgh', 1, 'valid', 5, '2019-01-22 21:52:26', '2019-01-22 21:52:26'),
(216, 2, 29, 51, 1200, '2018-12-24', 'ghghgh', 1, 'valid', 4, '2019-01-22 21:52:26', '2019-01-22 21:52:26'),
(217, 2, 29, 51, 1200, '2018-12-24', 'ghghgh', 2, 'valid', 5, '2019-01-22 21:52:26', '2019-01-22 21:52:26'),
(218, 2, 30, 51, 1200, '2018-12-24', 'ghghgh', 3, 'valid', 4, '2019-01-22 21:52:26', '2019-01-22 21:52:26'),
(219, 2, 20, 51, 1200, '2018-12-24', 'ghghgh', 1, 'valid', 2, '2019-01-22 21:52:26', '2019-01-22 21:52:26'),
(220, 2, 20, 51, 1200, '2018-12-24', 'ghghgh', 3, 'valid', 5, '2019-01-22 21:52:26', '2019-01-22 21:52:26'),
(221, 2, 24, 51, 1200, '2018-12-24', 'ghghgh', 2, 'valid', 6, '2019-01-22 21:52:26', '2019-01-22 21:52:26'),
(222, 2, 20, 51, 1200, '2018-12-24', 'ghghgh', 1, 'valid', 6, '2019-01-22 21:52:26', '2019-01-22 21:52:26'),
(223, 2, 30, 51, 1200, '2018-12-24', 'ghghgh', 1, 'valid', 2, '2019-01-22 21:52:26', '2019-01-22 21:52:26'),
(224, 2, 24, 51, 1200, '2018-12-24', 'ghghgh', 3, 'valid', 2, '2019-01-22 21:52:26', '2019-01-22 21:52:26'),
(225, 2, 24, 51, 1200, '2018-12-24', 'ghghgh', 1, 'valid', 5, '2019-01-22 21:52:26', '2019-01-22 21:52:26'),
(226, 2, 29, 51, 1200, '2018-12-24', 'ghghgh', 2, 'valid', 5, '2019-01-22 21:52:26', '2019-01-22 21:52:26'),
(227, 2, 30, 51, 1200, '2018-12-24', 'ghghgh', 3, 'valid', 5, '2019-01-22 21:52:26', '2019-01-22 21:52:26'),
(228, 2, 24, 51, 1200, '2018-12-24', 'ghghgh', 1, 'valid', 4, '2019-01-22 21:52:26', '2019-01-22 21:52:26'),
(229, 2, 20, 51, 1200, '2018-12-24', 'ghghgh', 3, 'valid', 6, '2019-01-22 21:52:26', '2019-01-22 21:52:26'),
(230, 2, 29, 51, 1200, '2018-12-24', 'ghghgh', 2, 'valid', 4, '2019-01-22 21:52:26', '2019-01-22 21:52:26'),
(231, 2, 24, 51, 1200, '2018-12-24', 'ghghgh', 1, 'valid', 4, '2019-01-22 21:52:26', '2019-01-22 21:52:26'),
(232, 2, 29, 51, 1200, '2018-12-24', 'ghghgh', 3, 'valid', 6, '2019-01-22 21:52:26', '2019-01-22 21:52:26'),
(233, 2, 20, 51, 1200, '2018-12-24', 'ghghgh', 3, 'valid', 4, '2019-01-22 21:52:26', '2019-01-22 21:52:26'),
(234, 2, 29, 51, 1200, '2018-12-24', 'ghghgh', 2, 'valid', 6, '2019-01-22 21:52:26', '2019-01-22 21:52:26'),
(235, 2, 30, 51, 1200, '2018-12-24', 'ghghgh', 2, 'valid', 2, '2019-01-22 21:52:26', '2019-01-22 21:52:26'),
(236, 2, 20, 51, 1200, '2018-12-24', 'ghghgh', 2, 'valid', 6, '2019-01-22 21:52:26', '2019-01-22 21:52:26'),
(237, 2, 29, 51, 1200, '2018-12-24', 'ghghgh', 1, 'valid', 5, '2019-01-22 21:52:26', '2019-01-22 21:52:26'),
(238, 2, 24, 51, 1200, '2018-12-24', 'ghghgh', 3, 'valid', 4, '2019-01-22 21:52:26', '2019-01-22 21:52:26'),
(239, 2, 20, 51, 1200, '2018-12-24', 'ghghgh', 2, 'valid', 5, '2019-01-22 21:52:26', '2019-01-22 21:52:26'),
(240, 2, 20, 51, 1200, '2018-12-24', 'ghghgh', 2, 'valid', 4, '2019-01-22 21:52:26', '2019-01-22 21:52:26'),
(241, 2, 29, 51, 1200, '2018-12-24', 'ghghgh', 3, 'valid', 5, '2019-01-22 21:52:26', '2019-01-22 21:52:26'),
(242, 2, 30, 51, 1200, '2018-12-24', 'ghghgh', 1, 'valid', 5, '2019-01-22 21:52:26', '2019-01-22 21:52:26'),
(243, 2, 29, 51, 1200, '2018-12-24', 'ghghgh', 1, 'valid', 4, '2019-01-22 21:52:26', '2019-01-22 21:52:26'),
(244, 2, 30, 51, 1200, '2018-12-24', 'ghghgh', 2, 'valid', 6, '2019-01-22 21:52:26', '2019-01-22 21:52:26'),
(245, 2, 30, 51, 1200, '2018-12-24', 'ghghgh', 1, 'valid', 4, '2019-01-22 21:52:26', '2019-01-22 21:52:26'),
(246, 2, 24, 51, 1200, '2018-12-24', 'ghghgh', 1, 'valid', 4, '2019-01-22 21:52:26', '2019-01-22 21:52:26'),
(247, 2, 20, 51, 1200, '2018-12-24', 'ghghgh', 1, 'valid', 4, '2019-01-22 21:52:26', '2019-01-22 21:52:26'),
(248, 2, 20, 51, 1200, '2018-12-24', 'ghghgh', 3, 'valid', 5, '2019-01-22 21:52:26', '2019-01-22 21:52:26'),
(249, 2, 24, 51, 1200, '2018-12-24', 'ghghgh', 2, 'valid', 2, '2019-01-22 21:52:26', '2019-01-22 21:52:26'),
(250, 2, 30, 51, 1200, '2018-12-24', 'ghghgh', 3, 'valid', 2, '2019-01-22 21:52:26', '2019-01-22 21:52:26'),
(251, 2, 30, 51, 1200, '2018-12-24', 'ghghgh', 2, 'valid', 5, '2019-01-22 21:52:26', '2019-01-22 21:52:26'),
(252, 2, 30, 51, 1200, '2018-12-24', 'ghghgh', 2, 'valid', 4, '2019-01-22 21:52:26', '2019-01-22 21:52:26'),
(253, 2, 29, 51, 1200, '2018-12-24', 'ghghgh', 1, 'valid', 6, '2019-01-22 21:52:26', '2019-01-22 21:52:26'),
(254, 2, 20, 51, 1200, '2018-12-24', 'ghghgh', 3, 'valid', 6, '2019-01-22 21:52:26', '2019-01-22 21:52:26'),
(255, 2, 29, 51, 1200, '2018-12-24', 'ghghgh', 1, 'valid', 5, '2019-01-22 21:52:26', '2019-01-22 21:52:26'),
(256, 2, 29, 51, 1200, '2018-12-24', 'ghghgh', 1, 'valid', 4, '2019-01-22 21:52:26', '2019-01-22 21:52:26'),
(257, 2, 30, 51, 1200, '2018-12-24', 'ghghgh', 3, 'valid', 2, '2019-01-22 21:52:26', '2019-01-22 21:52:26'),
(258, 2, 30, 51, 1200, '2018-12-24', 'ghghgh', 1, 'valid', 2, '2019-01-22 21:52:26', '2019-01-22 21:52:26'),
(259, 2, 30, 51, 1200, '2018-12-24', 'ghghgh', 2, 'valid', 4, '2019-01-22 21:52:26', '2019-01-22 21:52:26'),
(260, 2, 30, 51, 1200, '2018-12-24', 'ghghgh', 2, 'valid', 4, '2019-01-22 21:52:26', '2019-01-22 21:52:26'),
(261, 2, 30, 51, 1200, '2018-12-24', 'ghghgh', 1, 'valid', 6, '2019-01-22 21:52:26', '2019-01-22 21:52:26'),
(262, 2, 24, 51, 1200, '2018-12-24', 'ghghgh', 2, 'valid', 2, '2019-01-22 21:52:26', '2019-01-22 21:52:26'),
(263, 2, 24, 51, 1200, '2018-12-24', 'ghghgh', 1, 'valid', 2, '2019-01-22 21:52:26', '2019-01-22 21:52:26'),
(264, 2, 30, 51, 1200, '2018-12-24', 'ghghgh', 3, 'valid', 5, '2019-01-22 21:52:26', '2019-01-22 21:52:26'),
(265, 2, 20, 51, 1200, '2018-12-24', 'ghghgh', 2, 'valid', 4, '2019-01-22 21:52:26', '2019-01-22 21:52:26'),
(266, 2, 24, 51, 1200, '2018-12-24', 'ghghgh', 1, 'valid', 2, '2019-01-22 21:52:26', '2019-01-22 21:52:26'),
(267, 2, 24, 51, 1200, '2018-12-24', 'ghghgh', 3, 'valid', 4, '2019-01-22 21:52:26', '2019-01-22 21:52:26'),
(268, 2, 24, 51, 1200, '2018-12-24', 'ghghgh', 2, 'valid', 2, '2019-01-22 21:52:26', '2019-01-22 21:52:26'),
(269, 2, 20, 51, 1200, '2018-12-24', 'ghghgh', 2, 'valid', 5, '2019-01-22 21:52:26', '2019-01-22 21:52:26'),
(270, 2, 29, 51, 1200, '2018-12-24', 'ghghgh', 3, 'valid', 4, '2019-01-22 21:52:26', '2019-01-22 21:52:26'),
(271, 2, 30, 51, 1200, '2018-12-24', 'ghghgh', 2, 'valid', 2, '2019-01-22 21:52:26', '2019-01-22 21:52:26'),
(272, 2, 29, 51, 1200, '2018-12-24', 'ghghgh', 1, 'valid', 4, '2019-01-22 21:52:26', '2019-01-22 21:52:26'),
(273, 2, 20, 51, 1200, '2018-12-24', 'ghghgh', 2, 'valid', 4, '2019-01-22 21:52:26', '2019-01-22 21:52:26'),
(274, 2, 29, 51, 1200, '2018-12-24', 'ghghgh', 2, 'valid', 4, '2019-01-22 21:52:26', '2019-01-22 21:52:26'),
(275, 2, 24, 51, 1200, '2018-12-24', 'ghghgh', 2, 'valid', 4, '2019-01-22 21:52:26', '2019-01-22 21:52:26'),
(276, 2, 29, 51, 1200, '2018-12-24', 'ghghgh', 1, 'valid', 2, '2019-01-22 21:52:26', '2019-01-22 21:52:26'),
(277, 2, 29, 51, 1200, '2018-12-24', 'ghghgh', 3, 'valid', 4, '2019-01-22 21:52:26', '2019-01-22 21:52:26'),
(278, 2, 30, 51, 1200, '2018-12-24', 'ghghgh', 2, 'valid', 5, '2019-01-22 21:52:26', '2019-01-22 21:52:26'),
(279, 2, 24, 51, 1200, '2018-12-24', 'ghghgh', 2, 'valid', 4, '2019-01-22 21:52:26', '2019-01-22 21:52:26'),
(280, 2, 20, 51, 1200, '2018-12-24', 'ghghgh', 1, 'valid', 6, '2019-01-22 21:52:26', '2019-01-22 21:52:26'),
(281, 2, 29, 51, 1200, '2018-12-24', 'ghghgh', 3, 'valid', 6, '2019-01-22 21:52:26', '2019-01-22 21:52:26'),
(282, 2, 29, 51, 1200, '2018-12-24', 'ghghgh', 1, 'valid', 5, '2019-01-22 21:52:26', '2019-01-22 21:52:26'),
(283, 2, 20, 51, 1200, '2018-12-24', 'ghghgh', 2, 'valid', 4, '2019-01-22 21:52:26', '2019-01-22 21:52:26'),
(284, 2, 24, 51, 1200, '2018-12-24', 'ghghgh', 3, 'valid', 4, '2019-01-22 21:52:26', '2019-01-22 21:52:26'),
(285, 2, 29, 51, 1200, '2018-12-24', 'ghghgh', 3, 'valid', 2, '2019-01-22 21:52:26', '2019-01-22 21:52:26'),
(286, 2, 24, 51, 1200, '2018-12-24', 'ghghgh', 1, 'valid', 4, '2019-01-22 21:52:26', '2019-01-22 21:52:26'),
(287, 2, 29, 51, 1200, '2018-12-24', 'ghghgh', 2, 'valid', 5, '2019-01-22 21:52:26', '2019-01-22 21:52:26'),
(288, 2, 30, 51, 1200, '2018-12-24', 'ghghgh', 3, 'valid', 6, '2019-01-22 21:52:26', '2019-01-22 21:52:26'),
(289, 2, 20, 51, 1200, '2018-12-24', 'ghghgh', 1, 'valid', 4, '2019-01-22 21:52:26', '2019-01-22 21:52:26'),
(290, 2, 24, 51, 1200, '2018-12-24', 'ghghgh', 3, 'valid', 5, '2019-01-22 21:52:26', '2019-01-22 21:52:26'),
(291, 2, 29, 51, 1200, '2018-12-24', 'ghghgh', 3, 'valid', 6, '2019-01-22 21:52:26', '2019-01-22 21:52:26'),
(292, 2, 30, 51, 1200, '2018-12-24', 'ghghgh', 1, 'valid', 6, '2019-01-22 21:52:26', '2019-01-22 21:52:26'),
(293, 2, 20, 51, 1200, '2018-12-24', 'ghghgh', 3, 'valid', 5, '2019-01-22 21:52:26', '2019-01-22 21:52:26'),
(294, 2, 30, 51, 1200, '2018-12-24', 'ghghgh', 1, 'valid', 2, '2019-01-22 21:52:26', '2019-01-22 21:52:26'),
(295, 2, 30, 51, 1200, '2018-12-24', 'ghghgh', 2, 'valid', 4, '2019-01-22 21:52:26', '2019-01-22 21:52:26'),
(296, 2, 24, 51, 1200, '2018-12-24', 'ghghgh', 2, 'valid', 4, '2019-01-22 21:52:26', '2019-01-22 21:52:26'),
(297, 2, 30, 51, 1200, '2018-12-24', 'ghghgh', 3, 'valid', 6, '2019-01-22 21:52:26', '2019-01-22 21:52:26'),
(298, 2, 29, 51, 1200, '2018-12-24', 'ghghgh', 2, 'valid', 2, '2019-01-22 21:52:26', '2019-01-22 21:52:26'),
(299, 2, 29, 51, 1200, '2018-12-24', 'ghghgh', 3, 'valid', 6, '2019-01-22 21:52:26', '2019-01-22 21:52:26'),
(300, 2, 20, 51, 1200, '2018-12-24', 'ghghgh', 2, 'valid', 4, '2019-01-22 21:52:26', '2019-01-22 21:52:26'),
(301, 2, 29, 51, 1200, '2018-12-24', 'ghghgh', 3, 'valid', 5, '2019-01-22 21:52:26', '2019-01-22 21:52:26'),
(302, 2, 20, 51, 1200, '2018-12-24', 'ghghgh', 2, 'valid', 6, '2019-01-22 21:52:26', '2019-01-22 21:52:26'),
(303, 2, 29, 51, 1200, '2018-12-24', 'ghghgh', 2, 'valid', 2, '2019-01-22 21:52:26', '2019-01-22 21:52:26'),
(304, 2, 30, 51, 1200, '2018-12-24', 'ghghgh', 1, 'valid', 5, '2019-01-22 21:52:26', '2019-01-22 21:52:26'),
(305, 2, 29, 51, 1200, '2018-12-24', 'ghghgh', 2, 'valid', 2, '2019-01-22 21:52:26', '2019-01-22 21:52:26'),
(306, 2, 24, 51, 1200, '2018-12-24', 'ghghgh', 2, 'valid', 5, '2019-01-22 21:52:26', '2019-01-22 21:52:26'),
(307, 2, 30, 51, 1200, '2018-12-24', 'ghghgh', 3, 'valid', 5, '2019-01-22 21:52:26', '2019-01-22 21:52:26'),
(308, 2, 20, 51, 1200, '2018-12-24', 'ghghgh', 3, 'valid', 6, '2019-01-22 21:52:26', '2019-01-22 21:52:26'),
(309, 2, 24, 51, 1200, '2018-12-24', 'ghghgh', 1, 'valid', 2, '2019-01-22 21:52:26', '2019-01-22 21:52:26'),
(310, 2, 24, 51, 1200, '2018-12-24', 'ghghgh', 2, 'valid', 2, '2019-01-22 21:52:26', '2019-01-22 21:52:26'),
(311, 2, 30, 51, 1200, '2018-12-24', 'ghghgh', 2, 'valid', 2, '2019-01-22 21:52:26', '2019-01-22 21:52:26'),
(312, 2, 20, 51, 1200, '2018-12-24', 'ghghgh', 3, 'valid', 5, '2019-01-22 21:52:26', '2019-01-22 21:52:26'),
(313, 2, 29, 51, 1200, '2018-12-24', 'ghghgh', 1, 'valid', 5, '2019-01-22 21:52:26', '2019-01-22 21:52:26'),
(314, 2, 24, 51, 1200, '2018-12-24', 'ghghgh', 2, 'valid', 6, '2019-01-22 21:52:26', '2019-01-22 21:52:26'),
(315, 2, 24, 51, 1200, '2018-12-24', 'ghghgh', 1, 'valid', 6, '2019-01-22 21:52:26', '2019-01-22 21:52:26'),
(316, 2, 30, 51, 1200, '2018-12-24', 'ghghgh', 2, 'valid', 2, '2019-01-22 21:52:26', '2019-01-22 21:52:26'),
(317, 2, 29, 51, 1200, '2018-12-24', 'ghghgh', 1, 'valid', 6, '2019-01-22 21:52:26', '2019-01-22 21:52:26'),
(318, 2, 20, 51, 1200, '2018-12-24', 'ghghgh', 3, 'valid', 2, '2019-01-22 21:52:26', '2019-01-22 21:52:26'),
(319, 2, 20, 51, 1200, '2018-12-24', 'ghghgh', 2, 'valid', 4, '2019-01-22 21:52:26', '2019-01-22 21:52:26'),
(320, 2, 29, 51, 1200, '2018-12-24', 'ghghgh', 3, 'valid', 2, '2019-01-22 21:52:26', '2019-01-22 21:52:26'),
(321, 2, 20, 51, 1200, '2018-12-24', 'ghghgh', 3, 'valid', 5, '2019-01-22 21:52:26', '2019-01-22 21:52:26'),
(322, 2, 24, 51, 1200, '2018-12-24', 'ghghgh', 1, 'valid', 4, '2019-01-22 21:52:26', '2019-01-22 21:52:26'),
(323, 2, 30, 51, 1200, '2018-12-24', 'ghghgh', 1, 'valid', 5, '2019-01-22 21:52:26', '2019-01-22 21:52:26'),
(324, 2, 24, 51, 1200, '2018-12-24', 'ghghgh', 3, 'valid', 2, '2019-01-22 21:52:26', '2019-01-22 21:52:26'),
(325, 2, 24, 51, 1200, '2018-12-24', 'ghghgh', 1, 'valid', 5, '2019-01-22 21:52:26', '2019-01-22 21:52:26'),
(326, 2, 20, 51, 1200, '2018-12-24', 'ghghgh', 2, 'valid', 6, '2019-01-22 21:52:26', '2019-01-22 21:52:26'),
(327, 2, 20, 51, 1200, '2018-12-24', 'ghghgh', 1, 'valid', 4, '2019-01-22 21:52:26', '2019-01-22 21:52:26'),
(328, 2, 24, 51, 1200, '2018-12-24', 'ghghgh', 1, 'valid', 2, '2019-01-22 21:52:26', '2019-01-22 21:52:26'),
(329, 2, 20, 51, 1200, '2018-12-24', 'ghghgh', 1, 'valid', 2, '2019-01-22 21:52:26', '2019-01-22 21:52:26'),
(330, 2, 29, 51, 1200, '2018-12-24', 'ghghgh', 3, 'valid', 5, '2019-01-22 21:52:26', '2019-01-22 21:52:26'),
(331, 2, 20, 51, 1200, '2018-12-24', 'ghghgh', 2, 'valid', 6, '2019-01-22 21:52:26', '2019-01-22 21:52:26'),
(332, 2, 30, 51, 1200, '2018-12-24', 'ghghgh', 1, 'valid', 5, '2019-01-22 21:52:26', '2019-01-22 21:52:26'),
(333, 2, 30, 51, 1200, '2018-12-24', 'ghghgh', 1, 'valid', 6, '2019-01-22 21:52:26', '2019-01-22 21:52:26'),
(334, 2, 29, 51, 1200, '2018-12-24', 'ghghgh', 1, 'valid', 6, '2019-01-22 21:52:26', '2019-01-22 21:52:26'),
(335, 2, 24, 51, 1200, '2018-12-24', 'ghghgh', 3, 'valid', 4, '2019-01-22 21:52:26', '2019-01-22 21:52:26'),
(336, 2, 29, 51, 1200, '2018-12-24', 'ghghgh', 3, 'valid', 5, '2019-01-22 21:52:26', '2019-01-22 21:52:26'),
(337, 2, 30, 51, 1200, '2018-12-24', 'ghghgh', 3, 'valid', 4, '2019-01-22 21:52:26', '2019-01-22 21:52:26'),
(338, 2, 24, 51, 1200, '2018-12-24', 'ghghgh', 3, 'valid', 6, '2019-01-22 21:52:26', '2019-01-22 21:52:26'),
(339, 2, 20, 51, 1200, '2018-12-24', 'ghghgh', 2, 'valid', 6, '2019-01-22 21:52:26', '2019-01-22 21:52:26'),
(340, 2, 30, 51, 1200, '2018-12-24', 'ghghgh', 1, 'valid', 2, '2019-01-22 21:52:26', '2019-01-22 21:52:26'),
(341, 2, 29, 51, 1200, '2018-12-24', 'ghghgh', 3, 'valid', 5, '2019-01-22 21:52:26', '2019-01-22 21:52:26'),
(342, 2, 24, 51, 1200, '2018-12-24', 'ghghgh', 3, 'valid', 5, '2019-01-22 21:52:26', '2019-01-22 21:52:26'),
(343, 2, 30, 51, 1200, '2018-12-24', 'ghghgh', 3, 'valid', 6, '2019-01-22 21:52:26', '2019-01-22 21:52:26'),
(344, 2, 30, 51, 1200, '2018-12-24', 'ghghgh', 2, 'valid', 4, '2019-01-22 21:52:26', '2019-01-22 21:52:26'),
(345, 2, 29, 51, 1200, '2018-12-24', 'ghghgh', 3, 'valid', 4, '2019-01-22 21:52:26', '2019-01-22 21:52:26'),
(346, 2, 24, 51, 1200, '2018-12-24', 'ghghgh', 1, 'valid', 6, '2019-01-22 21:52:26', '2019-01-22 21:52:26'),
(347, 2, 30, 51, 1200, '2018-12-24', 'ghghgh', 3, 'valid', 5, '2019-01-22 21:52:26', '2019-01-22 21:52:26'),
(348, 2, 20, 51, 1200, '2018-12-24', 'ghghgh', 1, 'valid', 6, '2019-01-22 21:52:26', '2019-01-22 21:52:26'),
(349, 2, 20, 51, 1200, '2018-12-24', 'ghghgh', 2, 'valid', 5, '2019-01-22 21:52:26', '2019-01-22 21:52:26'),
(350, 2, 24, 51, 1200, '2018-12-24', 'ghghgh', 3, 'valid', 2, '2019-01-22 21:52:26', '2019-01-22 21:52:26'),
(351, 2, 24, 51, 1200, '2018-12-24', 'ghghgh', 1, 'valid', 6, '2019-01-22 21:52:26', '2019-01-22 21:52:26'),
(352, 2, 30, 51, 1200, '2018-12-24', 'ghghgh', 2, 'valid', 6, '2019-01-22 21:52:26', '2019-01-22 21:52:26'),
(353, 2, 30, 51, 1200, '2018-12-24', 'ghghgh', 2, 'valid', 4, '2019-01-22 21:52:26', '2019-01-22 21:52:26'),
(354, 2, 29, 51, 1200, '2018-12-24', 'ghghgh', 3, 'valid', 2, '2019-01-22 21:52:26', '2019-01-22 21:52:26'),
(355, 2, 24, 51, 1200, '2018-12-24', 'ghghgh', 1, 'valid', 6, '2019-01-22 21:52:26', '2019-01-22 21:52:26'),
(356, 2, 20, 51, 1200, '2018-12-24', 'ghghgh', 3, 'valid', 5, '2019-01-22 21:52:26', '2019-01-22 21:52:26'),
(357, 2, 30, 51, 1200, '2018-12-24', 'ghghgh', 2, 'valid', 5, '2019-01-22 21:52:26', '2019-01-22 21:52:26'),
(358, 2, 20, 51, 1200, '2018-12-24', 'ghghgh', 3, 'valid', 5, '2019-01-22 21:52:26', '2019-01-22 21:52:26'),
(359, 2, 30, 51, 1200, '2018-12-24', 'ghghgh', 1, 'valid', 4, '2019-01-22 21:52:26', '2019-01-22 21:52:26'),
(360, 2, 24, 51, 1200, '2018-12-24', 'ghghgh', 1, 'valid', 5, '2019-01-22 21:52:26', '2019-01-22 21:52:26'),
(361, 2, 20, 51, 1200, '2018-12-24', 'ghghgh', 1, 'valid', 4, '2019-01-22 21:52:26', '2019-01-22 21:52:26'),
(362, 2, 24, 51, 1200, '2018-12-24', 'ghghgh', 1, 'valid', 4, '2019-01-22 21:52:26', '2019-01-22 21:52:26'),
(363, 2, 20, 51, 1200, '2018-12-24', 'ghghgh', 2, 'valid', 6, '2019-01-22 21:52:26', '2019-01-22 21:52:26'),
(364, 2, 29, 51, 1200, '2018-12-24', 'ghghgh', 3, 'valid', 4, '2019-01-22 21:52:26', '2019-01-22 21:52:26'),
(365, 2, 24, 51, 1200, '2018-12-24', 'ghghgh', 3, 'valid', 5, '2019-01-22 21:52:26', '2019-01-22 21:52:26'),
(366, 2, 20, 51, 1200, '2018-12-24', 'ghghgh', 1, 'valid', 5, '2019-01-22 21:52:26', '2019-01-22 21:52:26'),
(367, 2, 29, 51, 1200, '2018-12-24', 'ghghgh', 3, 'valid', 4, '2019-01-22 21:52:26', '2019-01-22 21:52:26'),
(368, 2, 24, 51, 1200, '2018-12-24', 'ghghgh', 1, 'valid', 2, '2019-01-22 21:52:26', '2019-01-22 21:52:26'),
(369, 2, 20, 51, 1200, '2018-12-24', 'ghghgh', 3, 'valid', 4, '2019-01-22 21:52:26', '2019-01-22 21:52:26'),
(370, 2, 20, 51, 1200, '2018-12-24', 'ghghgh', 3, 'valid', 6, '2019-01-22 21:52:26', '2019-01-22 21:52:26'),
(371, 2, 24, 51, 1200, '2018-12-24', 'ghghgh', 3, 'valid', 5, '2019-01-22 21:52:26', '2019-01-22 21:52:26'),
(372, 2, 30, 51, 1200, '2018-12-24', 'ghghgh', 3, 'valid', 4, '2019-01-22 21:52:26', '2019-01-22 21:52:26'),
(373, 2, 29, 51, 1200, '2018-12-24', 'ghghgh', 1, 'valid', 6, '2019-01-22 21:52:26', '2019-01-22 21:52:26'),
(374, 2, 29, 51, 1200, '2018-12-24', 'ghghgh', 1, 'valid', 2, '2019-01-22 21:52:26', '2019-01-22 21:52:26'),
(375, 2, 20, 51, 1200, '2018-12-24', 'ghghgh', 2, 'valid', 2, '2019-01-22 21:52:26', '2019-01-22 21:52:26'),
(376, 2, 20, 51, 1200, '2018-12-24', 'ghghgh', 3, 'valid', 4, '2019-01-22 21:52:26', '2019-01-22 21:52:26'),
(377, 2, 24, 51, 1200, '2018-12-24', 'ghghgh', 2, 'valid', 4, '2019-01-22 21:52:26', '2019-01-22 21:52:26'),
(378, 2, 20, 51, 1200, '2018-12-24', 'ghghgh', 3, 'valid', 2, '2019-01-22 21:52:26', '2019-01-22 21:52:26'),
(379, 2, 20, 51, 1200, '2018-12-24', 'ghghgh', 3, 'valid', 4, '2019-01-22 21:52:26', '2019-01-22 21:52:26'),
(380, 2, 29, 51, 1200, '2018-12-24', 'ghghgh', 3, 'valid', 2, '2019-01-22 21:52:26', '2019-01-22 21:52:26'),
(381, 2, 24, 51, 1200, '2018-12-24', 'ghghgh', 2, 'valid', 6, '2019-01-22 21:52:26', '2019-01-22 21:52:26'),
(382, 2, 20, 51, 1200, '2018-12-24', 'ghghgh', 3, 'valid', 6, '2019-01-22 21:52:26', '2019-01-22 21:52:26'),
(383, 2, 20, 51, 1200, '2018-12-24', 'ghghgh', 3, 'valid', 5, '2019-01-22 21:52:26', '2019-01-22 21:52:26'),
(384, 2, 29, 51, 1200, '2018-12-24', 'ghghgh', 3, 'valid', 4, '2019-01-22 21:52:26', '2019-01-22 21:52:26'),
(385, 2, 24, 51, 1200, '2018-12-24', 'ghghgh', 3, 'valid', 6, '2019-01-22 21:52:26', '2019-01-22 21:52:26'),
(386, 2, 29, 51, 1200, '2018-12-24', 'ghghgh', 1, 'valid', 2, '2019-01-22 21:52:26', '2019-01-22 21:52:26'),
(387, 2, 29, 51, 1200, '2018-12-24', 'ghghgh', 3, 'valid', 6, '2019-01-22 21:52:26', '2019-01-22 21:52:26'),
(388, 2, 20, 51, 1200, '2018-12-24', 'ghghgh', 3, 'valid', 4, '2019-01-22 21:52:26', '2019-01-22 21:52:26'),
(389, 2, 29, 51, 1200, '2018-12-24', 'ghghgh', 1, 'valid', 6, '2019-01-22 21:52:26', '2019-01-22 21:52:26'),
(390, 2, 24, 51, 1200, '2018-12-24', 'ghghgh', 2, 'valid', 2, '2019-01-22 21:52:26', '2019-01-22 21:52:26'),
(391, 2, 24, 51, 1200, '2018-12-24', 'ghghgh', 3, 'valid', 5, '2019-01-22 21:52:26', '2019-01-22 21:52:26'),
(392, 2, 20, 51, 1200, '2018-12-24', 'ghghgh', 2, 'valid', 2, '2019-01-22 21:52:26', '2019-01-22 21:52:26'),
(393, 2, 30, 51, 1200, '2018-12-24', 'ghghgh', 1, 'valid', 4, '2019-01-22 21:52:26', '2019-01-22 21:52:26'),
(394, 2, 30, 51, 1200, '2018-12-24', 'ghghgh', 1, 'valid', 5, '2019-01-22 21:52:26', '2019-01-22 21:52:26'),
(395, 2, 20, 51, 1200, '2018-12-24', 'ghghgh', 3, 'valid', 6, '2019-01-22 21:52:26', '2019-01-22 21:52:26'),
(396, 2, 20, 51, 1200, '2018-12-24', 'ghghgh', 2, 'valid', 2, '2019-01-22 21:52:26', '2019-01-22 21:52:26'),
(397, 2, 30, 51, 1200, '2018-12-24', 'ghghgh', 1, 'valid', 5, '2019-01-22 21:52:26', '2019-01-22 21:52:26'),
(398, 2, 30, 51, 1200, '2018-12-24', 'ghghgh', 3, 'valid', 4, '2019-01-22 21:52:26', '2019-01-22 21:52:26'),
(399, 2, 20, 51, 1200, '2018-12-24', 'ghghgh', 2, 'valid', 4, '2019-01-22 21:52:26', '2019-01-22 21:52:26'),
(400, 2, 24, 51, 1200, '2018-12-24', 'ghghgh', 2, 'valid', 4, '2019-01-22 21:52:26', '2019-01-22 21:52:26'),
(401, 2, 29, 51, 1200, '2018-12-24', 'ghghgh', 1, 'valid', 2, '2019-01-22 21:52:26', '2019-01-22 21:52:26'),
(402, 2, 30, 51, 1200, '2018-12-24', 'ghghgh', 2, 'valid', 2, '2019-01-22 21:52:26', '2019-01-22 21:52:26'),
(403, 2, 20, 51, 1200, '2018-12-24', 'ghghgh', 2, 'valid', 6, '2019-01-22 21:52:26', '2019-01-22 21:52:26'),
(404, 2, 24, 51, 1200, '2018-12-24', 'ghghgh', 3, 'valid', 6, '2019-01-22 21:52:26', '2019-01-22 21:52:26'),
(405, 2, 29, 51, 1200, '2018-12-24', 'ghghgh', 3, 'valid', 6, '2019-01-22 21:52:26', '2019-01-22 21:52:26'),
(406, 2, 29, 51, 1200, '2018-12-24', 'ghghgh', 2, 'valid', 6, '2019-01-22 21:52:26', '2019-01-22 21:52:26'),
(407, 2, 30, 51, 1200, '2018-12-24', 'ghghgh', 3, 'valid', 4, '2019-01-22 21:52:26', '2019-01-22 21:52:26'),
(408, 2, 29, 51, 1200, '2018-12-24', 'ghghgh', 2, 'valid', 6, '2019-01-22 21:52:26', '2019-01-22 21:52:26'),
(409, 2, 24, 51, 1200, '2018-12-24', 'ghghgh', 3, 'valid', 6, '2019-01-22 21:52:26', '2019-01-22 21:52:26'),
(410, 2, 20, 51, 1200, '2018-12-24', 'ghghgh', 3, 'valid', 6, '2019-01-22 21:52:26', '2019-01-22 21:52:26'),
(411, 2, 30, 51, 1200, '2018-12-24', 'ghghgh', 3, 'valid', 2, '2019-01-22 21:52:26', '2019-01-22 21:52:26'),
(412, 2, 20, 51, 1200, '2018-12-24', 'ghghgh', 2, 'valid', 2, '2019-01-22 21:52:26', '2019-01-22 21:52:26'),
(413, 2, 20, 51, 1200, '2018-12-24', 'ghghgh', 2, 'valid', 4, '2019-01-22 21:52:26', '2019-01-22 21:52:26'),
(414, 2, 20, 51, 1200, '2018-12-24', 'ghghgh', 1, 'valid', 6, '2019-01-22 21:52:26', '2019-01-22 21:52:26'),
(415, 2, 29, 51, 1200, '2018-12-24', 'ghghgh', 2, 'valid', 6, '2019-01-22 21:52:26', '2019-01-22 21:52:26'),
(416, 2, 29, 51, 1200, '2018-12-24', 'ghghgh', 3, 'valid', 6, '2019-01-22 21:52:26', '2019-01-22 21:52:26'),
(417, 2, 20, 51, 1200, '2018-12-24', 'ghghgh', 1, 'valid', 5, '2019-01-22 21:52:26', '2019-01-22 21:52:26'),
(418, 2, 20, 51, 1200, '2018-12-24', 'ghghgh', 1, 'valid', 6, '2019-01-22 21:52:26', '2019-01-22 21:52:26'),
(419, 2, 24, 51, 1200, '2018-12-24', 'ghghgh', 3, 'valid', 5, '2019-01-22 21:52:26', '2019-01-22 21:52:26'),
(420, 2, 20, 51, 1200, '2018-12-24', 'ghghgh', 1, 'valid', 5, '2019-01-22 21:52:26', '2019-01-22 21:52:26'),
(421, 2, 30, 51, 1200, '2018-12-24', 'ghghgh', 2, 'valid', 4, '2019-01-22 21:52:26', '2019-01-22 21:52:26'),
(422, 2, 30, 51, 1200, '2018-12-24', 'ghghgh', 2, 'valid', 2, '2019-01-22 21:52:26', '2019-01-22 21:52:26'),
(423, 2, 20, 51, 1200, '2018-12-24', 'ghghgh', 1, 'valid', 4, '2019-01-22 21:52:26', '2019-01-22 21:52:26'),
(424, 2, 24, 51, 1200, '2018-12-24', 'ghghgh', 2, 'valid', 2, '2019-01-22 21:52:26', '2019-01-22 21:52:26'),
(425, 2, 30, 51, 1200, '2018-12-24', 'ghghgh', 2, 'valid', 6, '2019-01-22 21:52:26', '2019-01-22 21:52:26'),
(426, 2, 24, 51, 1200, '2018-12-24', 'ghghgh', 1, 'valid', 6, '2019-01-22 21:52:26', '2019-01-22 21:52:26'),
(427, 2, 20, 51, 1200, '2018-12-24', 'ghghgh', 1, 'valid', 4, '2019-01-22 21:52:26', '2019-01-22 21:52:26'),
(428, 2, 30, 51, 1200, '2018-12-24', 'ghghgh', 1, 'valid', 2, '2019-01-22 21:52:26', '2019-01-22 21:52:26'),
(429, 2, 24, 51, 1200, '2018-12-24', 'ghghgh', 3, 'valid', 6, '2019-01-22 21:52:26', '2019-01-22 21:52:26'),
(430, 2, 30, 51, 1200, '2018-12-24', 'ghghgh', 3, 'valid', 5, '2019-01-22 21:52:26', '2019-01-22 21:52:26'),
(431, 2, 20, 51, 1200, '2018-12-24', 'ghghgh', 3, 'valid', 6, '2019-01-22 21:52:26', '2019-01-22 21:52:26'),
(432, 2, 29, 51, 1200, '2018-12-24', 'ghghgh', 1, 'valid', 4, '2019-01-22 21:52:26', '2019-01-22 21:52:26'),
(433, 2, 30, 51, 1200, '2018-12-24', 'ghghgh', 2, 'valid', 4, '2019-01-22 21:52:26', '2019-01-22 21:52:26'),
(434, 2, 24, 51, 1200, '2018-12-24', 'ghghgh', 1, 'valid', 2, '2019-01-22 21:52:26', '2019-01-22 21:52:26'),
(435, 2, 30, 51, 1200, '2018-12-24', 'ghghgh', 1, 'valid', 6, '2019-01-22 21:52:26', '2019-01-22 21:52:26'),
(436, 2, 30, 51, 1200, '2018-12-24', 'ghghgh', 3, 'valid', 5, '2019-01-22 21:52:26', '2019-01-22 21:52:26'),
(437, 2, 24, 51, 1200, '2018-12-24', 'ghghgh', 2, 'valid', 5, '2019-01-22 21:52:26', '2019-01-22 21:52:26'),
(438, 2, 24, 51, 1200, '2018-12-24', 'ghghgh', 2, 'valid', 4, '2019-01-22 21:52:26', '2019-01-22 21:52:26'),
(439, 2, 24, 51, 1200, '2018-12-24', 'ghghgh', 3, 'valid', 4, '2019-01-22 21:52:26', '2019-01-22 21:52:26'),
(440, 2, 30, 51, 1200, '2018-12-24', 'ghghgh', 2, 'valid', 6, '2019-01-22 21:52:26', '2019-01-22 21:52:26'),
(441, 2, 30, 51, 1200, '2018-12-24', 'ghghgh', 1, 'valid', 6, '2019-01-22 21:52:26', '2019-01-22 21:52:26'),
(442, 2, 29, 51, 1200, '2018-12-24', 'ghghgh', 2, 'valid', 2, '2019-01-22 21:52:26', '2019-01-22 21:52:26'),
(443, 2, 30, 51, 1200, '2018-12-24', 'ghghgh', 1, 'valid', 5, '2019-01-22 21:52:26', '2019-01-22 21:52:26'),
(444, 2, 20, 51, 1200, '2018-12-24', 'ghghgh', 1, 'valid', 6, '2019-01-22 21:52:26', '2019-01-22 21:52:26'),
(445, 2, 20, 51, 1200, '2018-12-24', 'ghghgh', 1, 'valid', 5, '2019-01-22 21:52:26', '2019-01-22 21:52:26'),
(446, 2, 24, 51, 1200, '2018-12-24', 'ghghgh', 1, 'valid', 6, '2019-01-22 21:52:26', '2019-01-22 21:52:26'),
(447, 2, 20, 51, 1200, '2018-12-24', 'ghghgh', 1, 'valid', 6, '2019-01-22 21:52:26', '2019-01-22 21:52:26'),
(448, 2, 24, 51, 1200, '2018-12-24', 'ghghgh', 1, 'valid', 2, '2019-01-22 21:52:26', '2019-01-22 21:52:26'),
(449, 2, 29, 51, 1200, '2018-12-24', 'ghghgh', 2, 'valid', 4, '2019-01-22 21:52:26', '2019-01-22 21:52:26'),
(450, 2, 30, 51, 1200, '2018-12-24', 'ghghgh', 1, 'valid', 2, '2019-01-22 21:52:26', '2019-01-22 21:52:26'),
(451, 2, 24, 51, 1200, '2018-12-24', 'ghghgh', 3, 'valid', 5, '2019-01-22 21:52:26', '2019-01-22 21:52:26'),
(452, 2, 20, 51, 1200, '2018-12-24', 'ghghgh', 3, 'valid', 6, '2019-01-22 21:52:26', '2019-01-22 21:52:26'),
(453, 2, 29, 51, 1200, '2018-12-24', 'ghghgh', 1, 'valid', 6, '2019-01-22 21:52:26', '2019-01-22 21:52:26'),
(454, 2, 29, 51, 1200, '2018-12-24', 'ghghgh', 1, 'valid', 5, '2019-01-22 21:52:26', '2019-01-22 21:52:26'),
(455, 2, 29, 51, 1200, '2018-12-24', 'ghghgh', 1, 'valid', 6, '2019-01-22 21:52:26', '2019-01-22 21:52:26'),
(456, 2, 30, 51, 1200, '2018-12-24', 'ghghgh', 1, 'valid', 6, '2019-01-22 21:52:26', '2019-01-22 21:52:26'),
(457, 2, 29, 51, 1200, '2018-12-24', 'ghghgh', 1, 'valid', 6, '2019-01-22 21:52:26', '2019-01-22 21:52:26'),
(458, 2, 30, 51, 1200, '2018-12-24', 'ghghgh', 3, 'valid', 6, '2019-01-22 21:52:26', '2019-01-22 21:52:26'),
(459, 2, 24, 51, 1200, '2018-12-24', 'ghghgh', 1, 'valid', 6, '2019-01-22 21:52:26', '2019-01-22 21:52:26'),
(460, 2, 24, 51, 1200, '2018-12-24', 'ghghgh', 3, 'valid', 2, '2019-01-22 21:52:26', '2019-01-22 21:52:26'),
(461, 2, 29, 51, 1200, '2018-12-24', 'ghghgh', 2, 'valid', 4, '2019-01-22 21:52:26', '2019-01-22 21:52:26'),
(462, 2, 29, 51, 1200, '2018-12-24', 'ghghgh', 1, 'valid', 6, '2019-01-22 21:52:26', '2019-01-22 21:52:26'),
(463, 2, 24, 51, 1200, '2018-12-24', 'ghghgh', 1, 'valid', 2, '2019-01-22 21:52:26', '2019-01-22 21:52:26'),
(464, 2, 29, 51, 1200, '2018-12-24', 'ghghgh', 3, 'valid', 5, '2019-01-22 21:52:26', '2019-01-22 21:52:26'),
(465, 2, 20, 51, 1200, '2018-12-24', 'ghghgh', 1, 'valid', 6, '2019-01-22 21:52:26', '2019-01-22 21:52:26'),
(466, 2, 30, 51, 1200, '2018-12-24', 'ghghgh', 2, 'valid', 5, '2019-01-22 21:52:26', '2019-01-22 21:52:26'),
(467, 2, 24, 51, 1200, '2018-12-24', 'ghghgh', 2, 'valid', 6, '2019-01-22 21:52:26', '2019-01-22 21:52:26');
INSERT INTO `commands` (`id`, `employee_id`, `stock_id`, `qte_out`, `cost`, `date`, `reason`, `location_id`, `status`, `article_id`, `created_at`, `updated_at`) VALUES
(468, 2, 29, 51, 1200, '2018-12-24', 'ghghgh', 3, 'valid', 6, '2019-01-22 21:52:26', '2019-01-22 21:52:26'),
(469, 2, 30, 51, 1200, '2018-12-24', 'ghghgh', 2, 'valid', 6, '2019-01-22 21:52:26', '2019-01-22 21:52:26'),
(470, 2, 29, 51, 1200, '2018-12-24', 'ghghgh', 3, 'valid', 5, '2019-01-22 21:52:26', '2019-01-22 21:52:26'),
(471, 2, 29, 51, 1200, '2018-12-24', 'ghghgh', 1, 'valid', 4, '2019-01-22 21:52:26', '2019-01-22 21:52:26'),
(472, 2, 24, 51, 1200, '2018-12-24', 'ghghgh', 2, 'valid', 5, '2019-01-22 21:52:26', '2019-01-22 21:52:26'),
(473, 2, 24, 51, 1200, '2018-12-24', 'ghghgh', 3, 'valid', 5, '2019-01-22 21:52:26', '2019-01-22 21:52:26'),
(474, 2, 30, 51, 1200, '2018-12-24', 'ghghgh', 2, 'valid', 4, '2019-01-22 21:52:26', '2019-01-22 21:52:26'),
(475, 2, 30, 51, 1200, '2018-12-24', 'ghghgh', 3, 'valid', 2, '2019-01-22 21:52:26', '2019-01-22 21:52:26'),
(476, 2, 30, 51, 1200, '2018-12-24', 'ghghgh', 2, 'valid', 4, '2019-01-22 21:52:26', '2019-01-22 21:52:26'),
(477, 2, 24, 51, 1200, '2018-12-24', 'ghghgh', 2, 'valid', 5, '2019-01-22 21:52:26', '2019-01-22 21:52:26'),
(478, 2, 20, 51, 1200, '2018-12-24', 'ghghgh', 3, 'valid', 2, '2019-01-22 21:52:26', '2019-01-22 21:52:26'),
(479, 2, 24, 51, 1200, '2018-12-24', 'ghghgh', 3, 'valid', 2, '2019-01-22 21:52:26', '2019-01-22 21:52:26'),
(480, 2, 20, 51, 1200, '2018-12-24', 'ghghgh', 1, 'valid', 4, '2019-01-22 21:52:26', '2019-01-22 21:52:26'),
(481, 2, 30, 51, 1200, '2018-12-24', 'ghghgh', 3, 'valid', 5, '2019-01-22 21:52:26', '2019-01-22 21:52:26'),
(482, 2, 20, 51, 1200, '2018-12-24', 'ghghgh', 2, 'valid', 6, '2019-01-22 21:52:26', '2019-01-22 21:52:26'),
(483, 2, 20, 51, 1200, '2018-12-24', 'ghghgh', 1, 'valid', 5, '2019-01-22 21:52:26', '2019-01-22 21:52:26'),
(484, 2, 20, 51, 1200, '2018-12-24', 'ghghgh', 1, 'valid', 4, '2019-01-22 21:52:26', '2019-01-22 21:52:26'),
(485, 2, 30, 51, 1200, '2018-12-24', 'ghghgh', 2, 'valid', 4, '2019-01-22 21:52:26', '2019-01-22 21:52:26'),
(486, 2, 20, 51, 1200, '2018-12-24', 'ghghgh', 3, 'valid', 4, '2019-01-22 21:52:26', '2019-01-22 21:52:26'),
(487, 2, 24, 51, 1200, '2018-12-24', 'ghghgh', 2, 'valid', 6, '2019-01-22 21:52:26', '2019-01-22 21:52:26'),
(488, 2, 20, 51, 1200, '2018-12-24', 'ghghgh', 2, 'valid', 4, '2019-01-22 21:52:26', '2019-01-22 21:52:26'),
(489, 2, 20, 51, 1200, '2018-12-24', 'ghghgh', 2, 'valid', 2, '2019-01-22 21:52:26', '2019-01-22 21:52:26'),
(490, 2, 20, 51, 1200, '2018-12-24', 'ghghgh', 3, 'valid', 4, '2019-01-22 21:52:26', '2019-01-22 21:52:26'),
(491, 2, 29, 51, 1200, '2018-12-24', 'ghghgh', 2, 'valid', 4, '2019-01-22 21:52:26', '2019-01-22 21:52:26'),
(492, 2, 20, 51, 1200, '2018-12-24', 'ghghgh', 3, 'valid', 4, '2019-01-22 21:52:26', '2019-01-22 21:52:26'),
(493, 2, 24, 51, 1200, '2018-12-24', 'ghghgh', 1, 'valid', 6, '2019-01-22 21:52:26', '2019-01-22 21:52:26'),
(494, 2, 24, 51, 1200, '2018-12-24', 'ghghgh', 2, 'valid', 5, '2019-01-22 21:52:26', '2019-01-22 21:52:26'),
(495, 2, 20, 51, 1200, '2018-12-24', 'ghghgh', 1, 'valid', 2, '2019-01-22 21:52:26', '2019-01-22 21:52:26'),
(496, 2, 20, 51, 1200, '2018-12-24', 'ghghgh', 3, 'valid', 5, '2019-01-22 21:52:27', '2019-01-22 21:52:27'),
(497, 2, 24, 51, 1200, '2018-12-24', 'ghghgh', 3, 'valid', 5, '2019-01-22 21:52:27', '2019-01-22 21:52:27'),
(498, 2, 20, 51, 1200, '2018-12-24', 'ghghgh', 1, 'valid', 6, '2019-01-22 21:52:27', '2019-01-22 21:52:27'),
(499, 2, 24, 51, 1200, '2018-12-24', 'ghghgh', 3, 'valid', 4, '2019-01-22 21:52:27', '2019-01-22 21:52:27'),
(500, 2, 30, 51, 1200, '2018-12-24', 'ghghgh', 2, 'valid', 6, '2019-01-22 21:52:27', '2019-01-22 21:52:27'),
(501, 2, 24, 51, 1200, '2018-12-24', 'ghghgh', 3, 'valid', 6, '2019-01-22 21:52:27', '2019-01-22 21:52:27'),
(502, 2, 30, 51, 1200, '2018-12-24', 'ghghgh', 3, 'valid', 5, '2019-01-22 21:52:27', '2019-01-22 21:52:27'),
(503, 2, 30, 51, 1200, '2018-12-24', 'ghghgh', 1, 'valid', 2, '2019-01-22 21:52:27', '2019-01-22 21:52:27'),
(504, 2, 24, 51, 1200, '2018-12-24', 'ghghgh', 1, 'valid', 6, '2019-01-22 21:52:27', '2019-01-22 21:52:27'),
(505, 2, 24, 51, 1200, '2018-12-24', 'ghghgh', 3, 'valid', 4, '2019-01-22 21:52:27', '2019-01-22 21:52:27'),
(506, 2, 29, 51, 1200, '2018-12-24', 'ghghgh', 1, 'valid', 4, '2019-01-22 21:52:27', '2019-01-22 21:52:27'),
(507, 2, 30, 51, 1200, '2018-12-24', 'ghghgh', 3, 'valid', 2, '2019-01-22 21:52:27', '2019-01-22 21:52:27'),
(508, 2, 30, 51, 1200, '2018-12-24', 'ghghgh', 3, 'valid', 4, '2019-01-22 21:52:27', '2019-01-22 21:52:27'),
(509, 2, 24, 51, 1200, '2018-12-24', 'ghghgh', 3, 'valid', 6, '2019-01-22 21:52:27', '2019-01-22 21:52:27'),
(510, 2, 20, 51, 1200, '2018-12-24', 'ghghgh', 3, 'valid', 2, '2019-01-22 21:52:27', '2019-01-22 21:52:27'),
(511, 2, 30, 51, 1200, '2018-12-24', 'ghghgh', 1, 'valid', 6, '2019-01-22 21:52:27', '2019-01-22 21:52:27'),
(512, 2, 30, 51, 1200, '2018-12-24', 'ghghgh', 1, 'valid', 5, '2019-01-22 21:52:27', '2019-01-22 21:52:27'),
(513, 2, 29, 51, 1200, '2018-12-24', 'ghghgh', 3, 'valid', 5, '2019-01-22 21:52:27', '2019-01-22 21:52:27'),
(514, 2, 29, 51, 1200, '2018-12-24', 'ghghgh', 1, 'valid', 2, '2019-01-22 21:52:27', '2019-01-22 21:52:27'),
(515, 2, 24, 51, 1200, '2018-12-24', 'ghghgh', 1, 'valid', 4, '2019-01-22 21:52:27', '2019-01-22 21:52:27'),
(516, 2, 29, 51, 1200, '2018-12-24', 'ghghgh', 1, 'valid', 6, '2019-01-22 21:52:27', '2019-01-22 21:52:27'),
(517, 2, 20, 51, 1200, '2018-12-24', 'ghghgh', 2, 'valid', 2, '2019-01-22 21:52:27', '2019-01-22 21:52:27'),
(518, 2, 20, 51, 1200, '2018-12-24', 'ghghgh', 3, 'valid', 2, '2019-01-22 21:52:27', '2019-01-22 21:52:27'),
(519, 2, 30, 51, 1200, '2018-12-24', 'ghghgh', 2, 'valid', 4, '2019-01-22 21:52:27', '2019-01-22 21:52:27'),
(520, 2, 30, 51, 1200, '2018-12-24', 'ghghgh', 2, 'valid', 5, '2019-01-22 21:52:27', '2019-01-22 21:52:27'),
(521, 2, 20, 51, 1200, '2018-12-24', 'ghghgh', 1, 'valid', 2, '2019-01-22 21:52:27', '2019-01-22 21:52:27'),
(522, 2, 30, 51, 1200, '2018-12-24', 'ghghgh', 3, 'valid', 5, '2019-01-22 21:52:27', '2019-01-22 21:52:27'),
(523, 2, 24, 51, 1200, '2018-12-24', 'ghghgh', 3, 'valid', 5, '2019-01-22 21:52:27', '2019-01-22 21:52:27'),
(524, 2, 24, 51, 1200, '2018-12-24', 'ghghgh', 3, 'valid', 4, '2019-01-22 21:52:27', '2019-01-22 21:52:27'),
(525, 2, 29, 51, 1200, '2018-12-24', 'ghghgh', 3, 'valid', 4, '2019-01-22 21:52:27', '2019-01-22 21:52:27'),
(526, 2, 29, 51, 1200, '2018-12-24', 'ghghgh', 3, 'valid', 5, '2019-01-22 21:52:27', '2019-01-22 21:52:27'),
(527, 2, 29, 51, 1200, '2018-12-24', 'ghghgh', 1, 'valid', 4, '2019-01-22 21:52:27', '2019-01-22 21:52:27'),
(528, 2, 30, 51, 1200, '2018-12-24', 'ghghgh', 2, 'valid', 6, '2019-01-22 21:52:27', '2019-01-22 21:52:27'),
(529, 2, 24, 51, 1200, '2018-12-24', 'ghghgh', 3, 'valid', 4, '2019-01-22 21:52:27', '2019-01-22 21:52:27'),
(530, 2, 20, 51, 1200, '2018-12-24', 'ghghgh', 1, 'valid', 4, '2019-01-22 21:52:27', '2019-01-22 21:52:27'),
(531, 2, 20, 51, 1200, '2018-12-24', 'ghghgh', 1, 'valid', 2, '2019-01-22 21:52:27', '2019-01-22 21:52:27'),
(532, 2, 24, 51, 1200, '2018-12-24', 'ghghgh', 1, 'valid', 2, '2019-01-22 21:52:27', '2019-01-22 21:52:27'),
(533, 2, 24, 51, 1200, '2018-12-24', 'ghghgh', 3, 'valid', 2, '2019-01-22 21:52:27', '2019-01-22 21:52:27'),
(534, 2, 29, 51, 1200, '2018-12-24', 'ghghgh', 1, 'valid', 4, '2019-01-22 21:52:27', '2019-01-22 21:52:27'),
(535, 2, 30, 51, 1200, '2018-12-24', 'ghghgh', 2, 'valid', 4, '2019-01-22 21:52:27', '2019-01-22 21:52:27'),
(536, 2, 30, 51, 1200, '2018-12-24', 'ghghgh', 1, 'valid', 6, '2019-01-22 21:52:27', '2019-01-22 21:52:27'),
(537, 2, 24, 51, 1200, '2018-12-24', 'ghghgh', 2, 'valid', 5, '2019-01-22 21:52:27', '2019-01-22 21:52:27'),
(538, 2, 30, 51, 1200, '2018-12-24', 'ghghgh', 2, 'valid', 2, '2019-01-22 21:52:27', '2019-01-22 21:52:27'),
(539, 2, 24, 51, 1200, '2018-12-24', 'ghghgh', 1, 'valid', 6, '2019-01-22 21:52:27', '2019-01-22 21:52:27'),
(540, 2, 24, 51, 1200, '2018-12-24', 'ghghgh', 3, 'valid', 4, '2019-01-22 21:52:27', '2019-01-22 21:52:27'),
(541, 2, 30, 51, 1200, '2018-12-24', 'ghghgh', 2, 'valid', 4, '2019-01-22 21:52:27', '2019-01-22 21:52:27'),
(542, 2, 30, 51, 1200, '2018-12-24', 'ghghgh', 1, 'valid', 6, '2019-01-22 21:52:27', '2019-01-22 21:52:27'),
(543, 2, 29, 51, 1200, '2018-12-24', 'ghghgh', 1, 'valid', 4, '2019-01-22 21:52:27', '2019-01-22 21:52:27'),
(544, 2, 20, 51, 1200, '2018-12-24', 'ghghgh', 2, 'valid', 4, '2019-01-22 21:52:27', '2019-01-22 21:52:27'),
(545, 2, 30, 51, 1200, '2018-12-24', 'ghghgh', 1, 'valid', 5, '2019-01-22 21:52:27', '2019-01-22 21:52:27'),
(546, 2, 20, 51, 1200, '2018-12-24', 'ghghgh', 1, 'valid', 4, '2019-01-22 21:52:27', '2019-01-22 21:52:27'),
(547, 2, 24, 51, 1200, '2018-12-24', 'ghghgh', 2, 'valid', 2, '2019-01-22 21:52:27', '2019-01-22 21:52:27'),
(548, 2, 20, 51, 1200, '2018-12-24', 'ghghgh', 3, 'valid', 4, '2019-01-22 21:52:27', '2019-01-22 21:52:27'),
(549, 2, 30, 51, 1200, '2018-12-24', 'ghghgh', 2, 'valid', 5, '2019-01-22 21:52:27', '2019-01-22 21:52:27'),
(550, 2, 30, 51, 1200, '2018-12-24', 'ghghgh', 1, 'valid', 4, '2019-01-22 21:52:27', '2019-01-22 21:52:27'),
(551, 2, 29, 51, 1200, '2018-12-24', 'ghghgh', 2, 'valid', 2, '2019-01-22 21:52:27', '2019-01-22 21:52:27'),
(552, 2, 30, 51, 1200, '2018-12-24', 'ghghgh', 3, 'valid', 6, '2019-01-22 21:52:27', '2019-01-22 21:52:27'),
(553, 2, 29, 51, 1200, '2018-12-24', 'ghghgh', 2, 'valid', 6, '2019-01-22 21:52:27', '2019-01-22 21:52:27'),
(554, 2, 20, 51, 1200, '2018-12-24', 'ghghgh', 2, 'valid', 6, '2019-01-22 21:52:27', '2019-01-22 21:52:27'),
(555, 2, 20, 51, 1200, '2018-12-24', 'ghghgh', 3, 'valid', 4, '2019-01-22 21:52:27', '2019-01-22 21:52:27'),
(556, 2, 29, 51, 1200, '2018-12-24', 'ghghgh', 1, 'valid', 5, '2019-01-22 21:52:27', '2019-01-22 21:52:27'),
(557, 2, 29, 51, 1200, '2018-12-24', 'ghghgh', 1, 'valid', 5, '2019-01-22 21:52:27', '2019-01-22 21:52:27'),
(558, 2, 20, 51, 1200, '2018-12-24', 'ghghgh', 2, 'valid', 2, '2019-01-22 21:52:27', '2019-01-22 21:52:27'),
(559, 2, 30, 51, 1200, '2018-12-24', 'ghghgh', 2, 'valid', 6, '2019-01-22 21:52:27', '2019-01-22 21:52:27'),
(560, 2, 24, 51, 1200, '2018-12-24', 'ghghgh', 1, 'valid', 5, '2019-01-22 21:52:27', '2019-01-22 21:52:27'),
(561, 2, 29, 51, 1200, '2018-12-24', 'ghghgh', 3, 'valid', 5, '2019-01-22 21:52:27', '2019-01-22 21:52:27'),
(562, 2, 24, 51, 1200, '2018-12-24', 'ghghgh', 3, 'valid', 6, '2019-01-22 21:52:27', '2019-01-22 21:52:27'),
(563, 2, 20, 51, 1200, '2018-12-24', 'ghghgh', 2, 'valid', 2, '2019-01-22 21:52:27', '2019-01-22 21:52:27'),
(564, 2, 30, 51, 1200, '2018-12-24', 'ghghgh', 2, 'valid', 4, '2019-01-22 21:52:27', '2019-01-22 21:52:27'),
(565, 2, 29, 51, 1200, '2018-12-24', 'ghghgh', 1, 'valid', 4, '2019-01-22 21:52:27', '2019-01-22 21:52:27'),
(566, 2, 29, 51, 1200, '2018-12-24', 'ghghgh', 1, 'valid', 2, '2019-01-22 21:52:27', '2019-01-22 21:52:27'),
(567, 2, 20, 51, 1200, '2018-12-24', 'ghghgh', 1, 'valid', 6, '2019-01-22 21:52:27', '2019-01-22 21:52:27'),
(568, 2, 29, 51, 1200, '2018-12-24', 'ghghgh', 1, 'valid', 5, '2019-01-22 21:52:27', '2019-01-22 21:52:27'),
(569, 2, 29, 51, 1200, '2018-12-24', 'ghghgh', 3, 'valid', 2, '2019-01-22 21:52:27', '2019-01-22 21:52:27'),
(570, 2, 24, 51, 1200, '2018-12-24', 'ghghgh', 1, 'valid', 5, '2019-01-22 21:52:27', '2019-01-22 21:52:27'),
(571, 2, 24, 51, 1200, '2018-12-24', 'ghghgh', 1, 'valid', 4, '2019-01-22 21:52:27', '2019-01-22 21:52:27'),
(572, 2, 24, 51, 1200, '2018-12-24', 'ghghgh', 3, 'valid', 4, '2019-01-22 21:52:27', '2019-01-22 21:52:27'),
(573, 2, 20, 51, 1200, '2018-12-24', 'ghghgh', 2, 'valid', 6, '2019-01-22 21:52:27', '2019-01-22 21:52:27'),
(574, 2, 30, 51, 1200, '2018-12-24', 'ghghgh', 1, 'valid', 6, '2019-01-22 21:52:27', '2019-01-22 21:52:27'),
(575, 2, 30, 51, 1200, '2018-12-24', 'ghghgh', 3, 'valid', 2, '2019-01-22 21:52:27', '2019-01-22 21:52:27'),
(576, 2, 20, 51, 1200, '2018-12-24', 'ghghgh', 1, 'valid', 6, '2019-01-22 21:52:27', '2019-01-22 21:52:27'),
(577, 2, 30, 51, 1200, '2018-12-24', 'ghghgh', 1, 'valid', 5, '2019-01-22 21:52:27', '2019-01-22 21:52:27'),
(578, 2, 20, 51, 1200, '2018-12-24', 'ghghgh', 1, 'valid', 4, '2019-01-22 21:52:27', '2019-01-22 21:52:27'),
(579, 2, 20, 51, 1200, '2018-12-24', 'ghghgh', 1, 'valid', 5, '2019-01-22 21:52:27', '2019-01-22 21:52:27'),
(580, 2, 29, 51, 1200, '2018-12-24', 'ghghgh', 2, 'valid', 5, '2019-01-22 21:52:27', '2019-01-22 21:52:27'),
(581, 2, 30, 51, 1200, '2018-12-24', 'ghghgh', 2, 'valid', 4, '2019-01-22 21:52:27', '2019-01-22 21:52:27'),
(582, 2, 20, 51, 1200, '2018-12-24', 'ghghgh', 3, 'valid', 5, '2019-01-22 21:52:27', '2019-01-22 21:52:27'),
(583, 2, 30, 51, 1200, '2018-12-24', 'ghghgh', 1, 'valid', 5, '2019-01-22 21:52:27', '2019-01-22 21:52:27'),
(584, 2, 20, 51, 1200, '2018-12-24', 'ghghgh', 3, 'valid', 2, '2019-01-22 21:52:27', '2019-01-22 21:52:27'),
(585, 2, 29, 51, 1200, '2018-12-24', 'ghghgh', 1, 'valid', 4, '2019-01-22 21:52:27', '2019-01-22 21:52:27'),
(586, 2, 24, 51, 1200, '2018-12-24', 'ghghgh', 3, 'valid', 5, '2019-01-22 21:52:27', '2019-01-22 21:52:27'),
(587, 2, 30, 51, 1200, '2018-12-24', 'ghghgh', 1, 'valid', 4, '2019-01-22 21:52:27', '2019-01-22 21:52:27'),
(588, 2, 20, 51, 1200, '2018-12-24', 'ghghgh', 3, 'valid', 2, '2019-01-22 21:52:27', '2019-01-22 21:52:27'),
(589, 2, 20, 51, 1200, '2018-12-24', 'ghghgh', 3, 'valid', 5, '2019-01-22 21:52:27', '2019-01-22 21:52:27'),
(590, 2, 20, 51, 1200, '2018-12-24', 'ghghgh', 1, 'valid', 6, '2019-01-22 21:52:27', '2019-01-22 21:52:27'),
(591, 2, 20, 51, 1200, '2018-12-24', 'ghghgh', 3, 'valid', 5, '2019-01-22 21:52:27', '2019-01-22 21:52:27'),
(592, 2, 30, 51, 1200, '2018-12-24', 'ghghgh', 2, 'valid', 4, '2019-01-22 21:52:27', '2019-01-22 21:52:27'),
(593, 2, 29, 51, 1200, '2018-12-24', 'ghghgh', 1, 'valid', 5, '2019-01-22 21:52:27', '2019-01-22 21:52:27'),
(594, 2, 30, 51, 1200, '2018-12-24', 'ghghgh', 1, 'valid', 4, '2019-01-22 21:52:27', '2019-01-22 21:52:27'),
(595, 2, 24, 51, 1200, '2018-12-24', 'ghghgh', 2, 'valid', 2, '2019-01-22 21:52:27', '2019-01-22 21:52:27'),
(596, 2, 30, 51, 1200, '2018-12-24', 'ghghgh', 2, 'valid', 6, '2019-01-22 21:52:27', '2019-01-22 21:52:27'),
(597, 2, 29, 51, 1200, '2018-12-24', 'ghghgh', 1, 'valid', 5, '2019-01-22 21:52:27', '2019-01-22 21:52:27'),
(598, 2, 20, 51, 1200, '2018-12-24', 'ghghgh', 3, 'valid', 6, '2019-01-22 21:52:27', '2019-01-22 21:52:27'),
(599, 2, 30, 51, 1200, '2018-12-24', 'ghghgh', 3, 'valid', 2, '2019-01-22 21:52:27', '2019-01-22 21:52:27'),
(600, 2, 29, 51, 1200, '2018-12-24', 'ghghgh', 1, 'valid', 2, '2019-01-22 21:52:27', '2019-01-22 21:52:27'),
(601, 2, 20, 51, 1200, '2019-12-24', 'ghghgh', 1, 'pending', 4, '2019-01-22 21:52:27', '2019-01-22 21:52:27'),
(602, 2, 29, 51, 1200, '2019-12-24', 'ghghgh', 3, 'pending', 6, '2019-01-22 21:52:27', '2019-01-22 21:52:27'),
(603, 2, 20, 51, 1200, '2019-12-24', 'ghghgh', 1, 'pending', 5, '2019-01-22 21:52:27', '2019-01-22 21:52:27'),
(604, 2, 29, 51, 1200, '2019-12-24', 'ghghgh', 1, 'pending', 4, '2019-01-22 21:52:27', '2019-01-22 21:52:27'),
(605, 2, 29, 51, 1200, '2019-12-24', 'ghghgh', 1, 'pending', 2, '2019-01-22 21:52:27', '2019-01-22 21:52:27'),
(606, 2, 24, 51, 1200, '2019-12-24', 'ghghgh', 1, 'pending', 6, '2019-01-22 21:52:27', '2019-01-22 21:52:27'),
(607, 2, 30, 51, 1200, '2019-12-24', 'ghghgh', 1, 'pending', 4, '2019-01-22 21:52:27', '2019-01-22 21:52:27'),
(608, 2, 29, 51, 1200, '2019-12-24', 'ghghgh', 1, 'pending', 4, '2019-01-22 21:52:27', '2019-01-22 21:52:27'),
(609, 2, 20, 51, 1200, '2019-12-24', 'ghghgh', 1, 'pending', 6, '2019-01-22 21:52:27', '2019-01-22 21:52:27'),
(610, 2, 24, 51, 1200, '2019-12-24', 'ghghgh', 2, 'pending', 4, '2019-01-22 21:52:27', '2019-01-22 21:52:27'),
(611, 2, 30, 51, 1200, '2019-12-24', 'ghghgh', 1, 'pending', 4, '2019-01-22 21:52:27', '2019-01-22 21:52:27'),
(612, 2, 30, 51, 1200, '2019-12-24', 'ghghgh', 1, 'pending', 4, '2019-01-22 21:52:27', '2019-01-22 21:52:27'),
(613, 2, 24, 51, 1200, '2019-12-24', 'ghghgh', 3, 'pending', 2, '2019-01-22 21:52:27', '2019-01-22 21:52:27'),
(614, 2, 24, 51, 1200, '2019-12-24', 'ghghgh', 2, 'pending', 2, '2019-01-22 21:52:27', '2019-01-22 21:52:27'),
(615, 2, 24, 51, 1200, '2019-12-24', 'ghghgh', 2, 'pending', 4, '2019-01-22 21:52:27', '2019-01-22 21:52:27'),
(616, 2, 24, 51, 1200, '2019-12-24', 'ghghgh', 2, 'pending', 5, '2019-01-22 21:52:27', '2019-01-22 21:52:27'),
(617, 2, 30, 51, 1200, '2019-12-24', 'ghghgh', 3, 'pending', 6, '2019-01-22 21:52:27', '2019-01-22 21:52:27'),
(618, 2, 30, 51, 1200, '2019-12-24', 'ghghgh', 1, 'pending', 5, '2019-01-22 21:52:27', '2019-01-22 21:52:27'),
(619, 2, 30, 51, 1200, '2019-12-24', 'ghghgh', 3, 'pending', 5, '2019-01-22 21:52:27', '2019-01-22 21:52:27'),
(620, 2, 24, 51, 1200, '2019-12-24', 'ghghgh', 1, 'pending', 6, '2019-01-22 21:52:27', '2019-01-22 21:52:27'),
(621, 2, 20, 51, 1200, '2019-12-24', 'ghghgh', 1, 'pending', 2, '2019-01-22 21:52:27', '2019-01-22 21:52:27'),
(622, 2, 20, 51, 1200, '2019-12-24', 'ghghgh', 2, 'pending', 4, '2019-01-22 21:52:27', '2019-01-22 21:52:27'),
(623, 2, 29, 51, 1200, '2019-12-24', 'ghghgh', 3, 'pending', 6, '2019-01-22 21:52:27', '2019-01-22 21:52:27'),
(624, 2, 20, 51, 1200, '2019-12-24', 'ghghgh', 2, 'pending', 5, '2019-01-22 21:52:27', '2019-01-22 21:52:27'),
(625, 2, 20, 51, 1200, '2019-12-24', 'ghghgh', 2, 'pending', 2, '2019-01-22 21:52:27', '2019-01-22 21:52:27'),
(626, 2, 29, 51, 1200, '2019-12-24', 'ghghgh', 1, 'pending', 5, '2019-01-22 21:52:27', '2019-01-22 21:52:27'),
(627, 2, 29, 51, 1200, '2019-12-24', 'ghghgh', 1, 'pending', 6, '2019-01-22 21:52:27', '2019-01-22 21:52:27'),
(628, 2, 24, 51, 1200, '2019-12-24', 'ghghgh', 3, 'pending', 6, '2019-01-22 21:52:27', '2019-01-22 21:52:27'),
(629, 2, 20, 51, 1200, '2019-12-24', 'ghghgh', 2, 'pending', 5, '2019-01-22 21:52:27', '2019-01-22 21:52:27'),
(630, 2, 20, 51, 1200, '2019-12-24', 'ghghgh', 1, 'pending', 4, '2019-01-22 21:52:27', '2019-01-22 21:52:27'),
(631, 2, 20, 51, 1200, '2019-12-24', 'ghghgh', 2, 'pending', 4, '2019-01-22 21:52:27', '2019-01-22 21:52:27'),
(632, 2, 29, 51, 1200, '2019-12-24', 'ghghgh', 3, 'pending', 4, '2019-01-22 21:52:27', '2019-01-22 21:52:27'),
(633, 2, 20, 51, 1200, '2019-12-24', 'ghghgh', 1, 'pending', 2, '2019-01-22 21:52:27', '2019-01-22 21:52:27'),
(634, 2, 24, 51, 1200, '2019-12-24', 'ghghgh', 1, 'pending', 5, '2019-01-22 21:52:27', '2019-01-22 21:52:27'),
(635, 2, 29, 51, 1200, '2019-12-24', 'ghghgh', 2, 'pending', 4, '2019-01-22 21:52:27', '2019-01-22 21:52:27'),
(636, 2, 30, 51, 1200, '2019-12-24', 'ghghgh', 2, 'pending', 5, '2019-01-22 21:52:27', '2019-01-22 21:52:27'),
(637, 2, 20, 51, 1200, '2019-12-24', 'ghghgh', 1, 'pending', 2, '2019-01-22 21:52:27', '2019-01-22 21:52:27'),
(638, 2, 20, 51, 1200, '2019-12-24', 'ghghgh', 3, 'pending', 4, '2019-01-22 21:52:27', '2019-01-22 21:52:27'),
(639, 2, 24, 51, 1200, '2019-12-24', 'ghghgh', 3, 'pending', 6, '2019-01-22 21:52:27', '2019-01-22 21:52:27'),
(640, 2, 30, 51, 1200, '2019-12-24', 'ghghgh', 2, 'pending', 2, '2019-01-22 21:52:27', '2019-01-22 21:52:27'),
(641, 2, 20, 51, 1200, '2019-12-24', 'ghghgh', 1, 'pending', 6, '2019-01-22 21:52:27', '2019-01-22 21:52:27'),
(642, 2, 24, 51, 1200, '2019-12-24', 'ghghgh', 3, 'pending', 4, '2019-01-22 21:52:27', '2019-01-22 21:52:27'),
(643, 2, 30, 51, 1200, '2019-12-24', 'ghghgh', 1, 'pending', 5, '2019-01-22 21:52:27', '2019-01-22 21:52:27'),
(644, 2, 29, 51, 1200, '2019-12-24', 'ghghgh', 1, 'pending', 6, '2019-01-22 21:52:27', '2019-01-22 21:52:27'),
(645, 2, 29, 51, 1200, '2019-12-24', 'ghghgh', 2, 'pending', 4, '2019-01-22 21:52:27', '2019-01-22 21:52:27'),
(646, 2, 30, 51, 1200, '2019-12-24', 'ghghgh', 1, 'pending', 4, '2019-01-22 21:52:27', '2019-01-22 21:52:27'),
(647, 2, 20, 51, 1200, '2019-12-24', 'ghghgh', 2, 'pending', 6, '2019-01-22 21:52:27', '2019-01-22 21:52:27'),
(648, 2, 20, 51, 1200, '2019-12-24', 'ghghgh', 2, 'pending', 6, '2019-01-22 21:52:27', '2019-01-22 21:52:27'),
(649, 2, 24, 51, 1200, '2019-12-24', 'ghghgh', 1, 'pending', 6, '2019-01-22 21:52:27', '2019-01-22 21:52:27'),
(650, 2, 30, 51, 1200, '2019-12-24', 'ghghgh', 3, 'pending', 5, '2019-01-22 21:52:27', '2019-01-22 21:52:27'),
(651, 2, 29, 51, 1200, '2019-12-24', 'ghghgh', 1, 'pending', 5, '2019-01-22 21:52:27', '2019-01-22 21:52:27'),
(652, 2, 30, 51, 1200, '2019-12-24', 'ghghgh', 1, 'pending', 6, '2019-01-22 21:52:27', '2019-01-22 21:52:27'),
(653, 2, 20, 51, 1200, '2019-12-24', 'ghghgh', 2, 'pending', 5, '2019-01-22 21:52:27', '2019-01-22 21:52:27'),
(654, 2, 24, 51, 1200, '2019-12-24', 'ghghgh', 3, 'pending', 2, '2019-01-22 21:52:27', '2019-01-22 21:52:27'),
(655, 2, 30, 51, 1200, '2019-12-24', 'ghghgh', 2, 'pending', 6, '2019-01-22 21:52:27', '2019-01-22 21:52:27'),
(656, 2, 20, 51, 1200, '2019-12-24', 'ghghgh', 1, 'pending', 5, '2019-01-22 21:52:27', '2019-01-22 21:52:27'),
(657, 2, 30, 51, 1200, '2019-12-24', 'ghghgh', 1, 'pending', 4, '2019-01-22 21:52:27', '2019-01-22 21:52:27'),
(658, 2, 20, 51, 1200, '2019-12-24', 'ghghgh', 2, 'pending', 2, '2019-01-22 21:52:27', '2019-01-22 21:52:27'),
(659, 2, 20, 51, 1200, '2019-12-24', 'ghghgh', 3, 'pending', 6, '2019-01-22 21:52:27', '2019-01-22 21:52:27'),
(660, 2, 24, 51, 1200, '2019-12-24', 'ghghgh', 2, 'pending', 6, '2019-01-22 21:52:27', '2019-01-22 21:52:27'),
(661, 2, 29, 51, 1200, '2019-12-24', 'ghghgh', 1, 'pending', 5, '2019-01-22 21:52:27', '2019-01-22 21:52:27'),
(662, 2, 29, 51, 1200, '2019-12-24', 'ghghgh', 2, 'pending', 6, '2019-01-22 21:52:27', '2019-01-22 21:52:27'),
(663, 2, 20, 51, 1200, '2019-12-24', 'ghghgh', 2, 'pending', 6, '2019-01-22 21:52:27', '2019-01-22 21:52:27'),
(664, 2, 24, 51, 1200, '2019-12-24', 'ghghgh', 1, 'pending', 5, '2019-01-22 21:52:27', '2019-01-22 21:52:27'),
(665, 2, 30, 51, 1200, '2019-12-24', 'ghghgh', 3, 'pending', 5, '2019-01-22 21:52:27', '2019-01-22 21:52:27'),
(666, 2, 29, 51, 1200, '2019-12-24', 'ghghgh', 3, 'pending', 5, '2019-01-22 21:52:27', '2019-01-22 21:52:27'),
(667, 2, 20, 51, 1200, '2019-12-24', 'ghghgh', 3, 'pending', 5, '2019-01-22 21:52:27', '2019-01-22 21:52:27'),
(668, 2, 30, 51, 1200, '2019-12-24', 'ghghgh', 1, 'pending', 2, '2019-01-22 21:52:27', '2019-01-22 21:52:27'),
(669, 2, 30, 51, 1200, '2019-12-24', 'ghghgh', 1, 'pending', 5, '2019-01-22 21:52:27', '2019-01-22 21:52:27'),
(670, 2, 24, 51, 1200, '2019-12-24', 'ghghgh', 3, 'pending', 2, '2019-01-22 21:52:27', '2019-01-22 21:52:27'),
(671, 2, 20, 51, 1200, '2019-12-24', 'ghghgh', 1, 'pending', 4, '2019-01-22 21:52:27', '2019-01-22 21:52:27'),
(672, 2, 29, 51, 1200, '2019-12-24', 'ghghgh', 1, 'pending', 5, '2019-01-22 21:52:27', '2019-01-22 21:52:27'),
(673, 2, 30, 51, 1200, '2019-12-24', 'ghghgh', 3, 'pending', 2, '2019-01-22 21:52:27', '2019-01-22 21:52:27'),
(674, 2, 20, 51, 1200, '2019-12-24', 'ghghgh', 1, 'pending', 4, '2019-01-22 21:52:27', '2019-01-22 21:52:27'),
(675, 2, 30, 51, 1200, '2019-12-24', 'ghghgh', 2, 'pending', 6, '2019-01-22 21:52:27', '2019-01-22 21:52:27'),
(676, 2, 24, 51, 1200, '2019-12-24', 'ghghgh', 3, 'pending', 4, '2019-01-22 21:52:27', '2019-01-22 21:52:27'),
(677, 2, 29, 51, 1200, '2019-12-24', 'ghghgh', 3, 'pending', 5, '2019-01-22 21:52:27', '2019-01-22 21:52:27'),
(678, 2, 29, 51, 1200, '2019-12-24', 'ghghgh', 3, 'pending', 2, '2019-01-22 21:52:27', '2019-01-22 21:52:27'),
(679, 2, 20, 51, 1200, '2019-12-24', 'ghghgh', 1, 'pending', 5, '2019-01-22 21:52:27', '2019-01-22 21:52:27'),
(680, 2, 29, 51, 1200, '2019-12-24', 'ghghgh', 1, 'pending', 6, '2019-01-22 21:52:27', '2019-01-22 21:52:27'),
(681, 2, 29, 51, 1200, '2019-12-24', 'ghghgh', 2, 'pending', 2, '2019-01-22 21:52:27', '2019-01-22 21:52:27'),
(682, 2, 24, 51, 1200, '2019-12-24', 'ghghgh', 3, 'pending', 4, '2019-01-22 21:52:27', '2019-01-22 21:52:27'),
(683, 2, 30, 51, 1200, '2019-12-24', 'ghghgh', 1, 'pending', 2, '2019-01-22 21:52:27', '2019-01-22 21:52:27'),
(684, 2, 24, 51, 1200, '2019-12-24', 'ghghgh', 3, 'pending', 5, '2019-01-22 21:52:27', '2019-01-22 21:52:27'),
(685, 2, 30, 51, 1200, '2019-12-24', 'ghghgh', 2, 'pending', 4, '2019-01-22 21:52:27', '2019-01-22 21:52:27'),
(686, 2, 29, 51, 1200, '2019-12-24', 'ghghgh', 1, 'pending', 2, '2019-01-22 21:52:27', '2019-01-22 21:52:27'),
(687, 2, 24, 51, 1200, '2019-12-24', 'ghghgh', 2, 'pending', 6, '2019-01-22 21:52:27', '2019-01-22 21:52:27'),
(688, 2, 20, 51, 1200, '2019-12-24', 'ghghgh', 2, 'pending', 2, '2019-01-22 21:52:27', '2019-01-22 21:52:27'),
(689, 2, 20, 51, 1200, '2019-12-24', 'ghghgh', 1, 'pending', 2, '2019-01-22 21:52:27', '2019-01-22 21:52:27'),
(690, 2, 24, 51, 1200, '2019-12-24', 'ghghgh', 3, 'pending', 2, '2019-01-22 21:52:27', '2019-01-22 21:52:27'),
(691, 2, 29, 51, 1200, '2019-12-24', 'ghghgh', 2, 'pending', 4, '2019-01-22 21:52:27', '2019-01-22 21:52:27'),
(692, 2, 24, 51, 1200, '2019-12-24', 'ghghgh', 3, 'pending', 2, '2019-01-22 21:52:27', '2019-01-22 21:52:27'),
(693, 2, 29, 51, 1200, '2019-12-24', 'ghghgh', 3, 'pending', 2, '2019-01-22 21:52:27', '2019-01-22 21:52:27'),
(694, 2, 24, 51, 1200, '2019-12-24', 'ghghgh', 2, 'pending', 5, '2019-01-22 21:52:27', '2019-01-22 21:52:27'),
(695, 2, 20, 51, 1200, '2019-12-24', 'ghghgh', 1, 'pending', 5, '2019-01-22 21:52:27', '2019-01-22 21:52:27'),
(696, 2, 24, 51, 1200, '2019-12-24', 'ghghgh', 1, 'pending', 6, '2019-01-22 21:52:27', '2019-01-22 21:52:27'),
(697, 2, 20, 51, 1200, '2019-12-24', 'ghghgh', 1, 'pending', 6, '2019-01-22 21:52:27', '2019-01-22 21:52:27'),
(698, 2, 29, 51, 1200, '2019-12-24', 'ghghgh', 2, 'pending', 5, '2019-01-22 21:52:27', '2019-01-22 21:52:27'),
(699, 2, 24, 51, 1200, '2019-12-24', 'ghghgh', 2, 'pending', 2, '2019-01-22 21:52:27', '2019-01-22 21:52:27'),
(700, 2, 20, 51, 1200, '2019-12-24', 'ghghgh', 2, 'pending', 2, '2019-01-22 21:52:27', '2019-01-22 21:52:27'),
(701, 2, 30, 51, 1200, '2019-12-24', 'ghghgh', 2, 'pending', 5, '2019-01-22 21:52:27', '2019-01-22 21:52:27'),
(702, 2, 24, 51, 1200, '2019-12-24', 'ghghgh', 2, 'pending', 6, '2019-01-22 21:52:27', '2019-01-22 21:52:27'),
(703, 2, 20, 51, 1200, '2019-12-24', 'ghghgh', 1, 'pending', 4, '2019-01-22 21:52:27', '2019-01-22 21:52:27'),
(704, 2, 24, 51, 1200, '2019-12-24', 'ghghgh', 1, 'pending', 6, '2019-01-22 21:52:27', '2019-01-22 21:52:27'),
(705, 2, 29, 51, 1200, '2019-12-24', 'ghghgh', 1, 'pending', 6, '2019-01-22 21:52:27', '2019-01-22 21:52:27'),
(706, 2, 29, 51, 1200, '2019-12-24', 'ghghgh', 1, 'pending', 4, '2019-01-22 21:52:27', '2019-01-22 21:52:27'),
(707, 2, 29, 51, 1200, '2019-12-24', 'ghghgh', 1, 'pending', 2, '2019-01-22 21:52:27', '2019-01-22 21:52:27'),
(708, 2, 20, 51, 1200, '2019-12-24', 'ghghgh', 1, 'pending', 2, '2019-01-22 21:52:27', '2019-01-22 21:52:27'),
(709, 2, 20, 51, 1200, '2019-12-24', 'ghghgh', 2, 'pending', 5, '2019-01-22 21:52:27', '2019-01-22 21:52:27'),
(710, 2, 20, 51, 1200, '2019-12-24', 'ghghgh', 2, 'pending', 4, '2019-01-22 21:52:27', '2019-01-22 21:52:27'),
(711, 2, 24, 51, 1200, '2019-12-24', 'ghghgh', 2, 'pending', 4, '2019-01-22 21:52:27', '2019-01-22 21:52:27'),
(712, 2, 29, 51, 1200, '2019-12-24', 'ghghgh', 3, 'pending', 2, '2019-01-22 21:52:27', '2019-01-22 21:52:27'),
(713, 2, 20, 51, 1200, '2019-12-24', 'ghghgh', 2, 'pending', 5, '2019-01-22 21:52:27', '2019-01-22 21:52:27'),
(714, 2, 20, 51, 1200, '2019-12-24', 'ghghgh', 2, 'pending', 6, '2019-01-22 21:52:27', '2019-01-22 21:52:27'),
(715, 2, 20, 51, 1200, '2019-12-24', 'ghghgh', 2, 'pending', 2, '2019-01-22 21:52:27', '2019-01-22 21:52:27'),
(716, 2, 24, 51, 1200, '2019-12-24', 'ghghgh', 1, 'pending', 5, '2019-01-22 21:52:27', '2019-01-22 21:52:27'),
(717, 2, 20, 51, 1200, '2019-12-24', 'ghghgh', 2, 'pending', 5, '2019-01-22 21:52:27', '2019-01-22 21:52:27'),
(718, 2, 20, 51, 1200, '2019-12-24', 'ghghgh', 3, 'pending', 5, '2019-01-22 21:52:27', '2019-01-22 21:52:27'),
(719, 2, 30, 51, 1200, '2019-12-24', 'ghghgh', 3, 'pending', 2, '2019-01-22 21:52:27', '2019-01-22 21:52:27'),
(720, 2, 30, 51, 1200, '2019-12-24', 'ghghgh', 2, 'pending', 2, '2019-01-22 21:52:27', '2019-01-22 21:52:27'),
(721, 2, 24, 51, 1200, '2019-12-24', 'ghghgh', 1, 'pending', 5, '2019-01-22 21:52:27', '2019-01-22 21:52:27'),
(722, 2, 30, 51, 1200, '2019-12-24', 'ghghgh', 3, 'pending', 4, '2019-01-22 21:52:27', '2019-01-22 21:52:27'),
(723, 2, 30, 51, 1200, '2019-12-24', 'ghghgh', 1, 'pending', 4, '2019-01-22 21:52:27', '2019-01-22 21:52:27'),
(724, 2, 20, 51, 1200, '2019-12-24', 'ghghgh', 3, 'pending', 4, '2019-01-22 21:52:27', '2019-01-22 21:52:27'),
(725, 2, 20, 51, 1200, '2019-12-24', 'ghghgh', 2, 'pending', 6, '2019-01-22 21:52:27', '2019-01-22 21:52:27'),
(726, 2, 30, 51, 1200, '2019-12-24', 'ghghgh', 3, 'pending', 4, '2019-01-22 21:52:27', '2019-01-22 21:52:27'),
(727, 2, 30, 51, 1200, '2019-12-24', 'ghghgh', 2, 'pending', 5, '2019-01-22 21:52:27', '2019-01-22 21:52:27'),
(728, 2, 24, 51, 1200, '2019-12-24', 'ghghgh', 2, 'pending', 2, '2019-01-22 21:52:27', '2019-01-22 21:52:27'),
(729, 2, 29, 51, 1200, '2019-12-24', 'ghghgh', 1, 'pending', 4, '2019-01-22 21:52:27', '2019-01-22 21:52:27'),
(730, 2, 30, 51, 1200, '2019-12-24', 'ghghgh', 3, 'pending', 6, '2019-01-22 21:52:27', '2019-01-22 21:52:27'),
(731, 2, 29, 51, 1200, '2019-12-24', 'ghghgh', 2, 'pending', 2, '2019-01-22 21:52:27', '2019-01-22 21:52:27'),
(732, 2, 29, 51, 1200, '2019-12-24', 'ghghgh', 2, 'pending', 5, '2019-01-22 21:52:27', '2019-01-22 21:52:27'),
(733, 2, 20, 51, 1200, '2019-12-24', 'ghghgh', 1, 'pending', 4, '2019-01-22 21:52:27', '2019-01-22 21:52:27'),
(734, 2, 20, 51, 1200, '2019-12-24', 'ghghgh', 3, 'pending', 2, '2019-01-22 21:52:27', '2019-01-22 21:52:27'),
(735, 2, 29, 51, 1200, '2019-12-24', 'ghghgh', 3, 'pending', 4, '2019-01-22 21:52:27', '2019-01-22 21:52:27'),
(736, 2, 20, 51, 1200, '2019-12-24', 'ghghgh', 2, 'pending', 2, '2019-01-22 21:52:27', '2019-01-22 21:52:27'),
(737, 2, 20, 51, 1200, '2019-12-24', 'ghghgh', 3, 'pending', 6, '2019-01-22 21:52:27', '2019-01-22 21:52:27'),
(738, 2, 30, 51, 1200, '2019-12-24', 'ghghgh', 3, 'pending', 4, '2019-01-22 21:52:27', '2019-01-22 21:52:27'),
(739, 2, 29, 51, 1200, '2019-12-24', 'ghghgh', 2, 'pending', 2, '2019-01-22 21:52:27', '2019-01-22 21:52:27'),
(740, 2, 24, 51, 1200, '2019-12-24', 'ghghgh', 2, 'pending', 6, '2019-01-22 21:52:27', '2019-01-22 21:52:27'),
(741, 2, 30, 51, 1200, '2019-12-24', 'ghghgh', 1, 'pending', 5, '2019-01-22 21:52:27', '2019-01-22 21:52:27'),
(742, 2, 30, 51, 1200, '2019-12-24', 'ghghgh', 2, 'pending', 2, '2019-01-22 21:52:27', '2019-01-22 21:52:27'),
(743, 2, 30, 51, 1200, '2019-12-24', 'ghghgh', 2, 'pending', 6, '2019-01-22 21:52:27', '2019-01-22 21:52:27'),
(744, 2, 24, 51, 1200, '2019-12-24', 'ghghgh', 1, 'pending', 6, '2019-01-22 21:52:27', '2019-01-22 21:52:27'),
(745, 2, 30, 51, 1200, '2019-12-24', 'ghghgh', 3, 'pending', 2, '2019-01-22 21:52:27', '2019-01-22 21:52:27'),
(746, 2, 30, 51, 1200, '2019-12-24', 'ghghgh', 2, 'pending', 5, '2019-01-22 21:52:27', '2019-01-22 21:52:27'),
(747, 2, 30, 51, 1200, '2019-12-24', 'ghghgh', 3, 'pending', 4, '2019-01-22 21:52:27', '2019-01-22 21:52:27'),
(748, 2, 29, 51, 1200, '2019-12-24', 'ghghgh', 2, 'pending', 6, '2019-01-22 21:52:27', '2019-01-22 21:52:27'),
(749, 2, 29, 51, 1200, '2019-12-24', 'ghghgh', 1, 'pending', 2, '2019-01-22 21:52:27', '2019-01-22 21:52:27'),
(750, 2, 20, 51, 1200, '2019-12-24', 'ghghgh', 1, 'pending', 5, '2019-01-22 21:52:27', '2019-01-22 21:52:27'),
(751, 2, 30, 51, 1200, '2019-12-24', 'ghghgh', 1, 'pending', 5, '2019-01-22 21:52:27', '2019-01-22 21:52:27'),
(752, 2, 29, 51, 1200, '2019-12-24', 'ghghgh', 2, 'pending', 4, '2019-01-22 21:52:27', '2019-01-22 21:52:27'),
(753, 2, 24, 51, 1200, '2019-12-24', 'ghghgh', 2, 'pending', 5, '2019-01-22 21:52:27', '2019-01-22 21:52:27'),
(754, 2, 29, 51, 1200, '2019-12-24', 'ghghgh', 2, 'pending', 2, '2019-01-22 21:52:27', '2019-01-22 21:52:27'),
(755, 2, 24, 51, 1200, '2019-12-24', 'ghghgh', 2, 'pending', 4, '2019-01-22 21:52:27', '2019-01-22 21:52:27'),
(756, 2, 24, 51, 1200, '2019-12-24', 'ghghgh', 3, 'pending', 4, '2019-01-22 21:52:27', '2019-01-22 21:52:27'),
(757, 2, 20, 51, 1200, '2019-12-24', 'ghghgh', 3, 'pending', 4, '2019-01-22 21:52:27', '2019-01-22 21:52:27'),
(758, 2, 20, 51, 1200, '2019-12-24', 'ghghgh', 3, 'pending', 2, '2019-01-22 21:52:27', '2019-01-22 21:52:27'),
(759, 2, 30, 51, 1200, '2019-12-24', 'ghghgh', 3, 'pending', 2, '2019-01-22 21:52:27', '2019-01-22 21:52:27'),
(760, 2, 20, 51, 1200, '2019-12-24', 'ghghgh', 2, 'pending', 6, '2019-01-22 21:52:27', '2019-01-22 21:52:27'),
(761, 2, 29, 51, 1200, '2019-12-24', 'ghghgh', 2, 'pending', 2, '2019-01-22 21:52:27', '2019-01-22 21:52:27'),
(762, 2, 20, 51, 1200, '2019-12-24', 'ghghgh', 3, 'pending', 6, '2019-01-22 21:52:27', '2019-01-22 21:52:27'),
(763, 2, 20, 51, 1200, '2019-12-24', 'ghghgh', 1, 'pending', 2, '2019-01-22 21:52:27', '2019-01-22 21:52:27'),
(764, 2, 20, 51, 1200, '2019-12-24', 'ghghgh', 1, 'pending', 2, '2019-01-22 21:52:27', '2019-01-22 21:52:27'),
(765, 2, 29, 51, 1200, '2019-12-24', 'ghghgh', 1, 'pending', 6, '2019-01-22 21:52:27', '2019-01-22 21:52:27'),
(766, 2, 29, 51, 1200, '2019-12-24', 'ghghgh', 3, 'pending', 6, '2019-01-22 21:52:27', '2019-01-22 21:52:27'),
(767, 2, 24, 51, 1200, '2019-12-24', 'ghghgh', 2, 'pending', 4, '2019-01-22 21:52:27', '2019-01-22 21:52:27'),
(768, 2, 20, 51, 1200, '2019-12-24', 'ghghgh', 2, 'pending', 6, '2019-01-22 21:52:27', '2019-01-22 21:52:27'),
(769, 2, 29, 51, 1200, '2019-12-24', 'ghghgh', 1, 'pending', 2, '2019-01-22 21:52:27', '2019-01-22 21:52:27'),
(770, 2, 20, 51, 1200, '2019-12-24', 'ghghgh', 1, 'pending', 5, '2019-01-22 21:52:27', '2019-01-22 21:52:27'),
(771, 2, 29, 51, 1200, '2019-12-24', 'ghghgh', 2, 'pending', 4, '2019-01-22 21:52:27', '2019-01-22 21:52:27'),
(772, 2, 20, 51, 1200, '2019-12-24', 'ghghgh', 1, 'pending', 4, '2019-01-22 21:52:27', '2019-01-22 21:52:27'),
(773, 2, 24, 51, 1200, '2019-12-24', 'ghghgh', 1, 'pending', 6, '2019-01-22 21:52:27', '2019-01-22 21:52:27'),
(774, 2, 20, 51, 1200, '2019-12-24', 'ghghgh', 3, 'pending', 6, '2019-01-22 21:52:27', '2019-01-22 21:52:27'),
(775, 2, 29, 51, 1200, '2019-12-24', 'ghghgh', 2, 'pending', 6, '2019-01-22 21:52:27', '2019-01-22 21:52:27'),
(776, 2, 30, 51, 1200, '2019-12-24', 'ghghgh', 2, 'pending', 5, '2019-01-22 21:52:27', '2019-01-22 21:52:27'),
(777, 2, 29, 51, 1200, '2019-12-24', 'ghghgh', 2, 'pending', 2, '2019-01-22 21:52:27', '2019-01-22 21:52:27'),
(778, 2, 30, 51, 1200, '2019-12-24', 'ghghgh', 2, 'pending', 2, '2019-01-22 21:52:27', '2019-01-22 21:52:27'),
(779, 2, 30, 51, 1200, '2019-12-24', 'ghghgh', 3, 'pending', 4, '2019-01-22 21:52:27', '2019-01-22 21:52:27'),
(780, 2, 30, 51, 1200, '2019-12-24', 'ghghgh', 2, 'pending', 4, '2019-01-22 21:52:27', '2019-01-22 21:52:27'),
(781, 2, 24, 51, 1200, '2019-12-24', 'ghghgh', 2, 'pending', 4, '2019-01-22 21:52:27', '2019-01-22 21:52:27'),
(782, 2, 24, 51, 1200, '2019-12-24', 'ghghgh', 3, 'pending', 5, '2019-01-22 21:52:27', '2019-01-22 21:52:27'),
(783, 2, 30, 51, 1200, '2019-12-24', 'ghghgh', 3, 'pending', 6, '2019-01-22 21:52:27', '2019-01-22 21:52:27'),
(784, 2, 20, 51, 1200, '2019-12-24', 'ghghgh', 1, 'pending', 5, '2019-01-22 21:52:27', '2019-01-22 21:52:27'),
(785, 2, 20, 51, 1200, '2019-12-24', 'ghghgh', 1, 'pending', 5, '2019-01-22 21:52:27', '2019-01-22 21:52:27'),
(786, 2, 24, 51, 1200, '2019-12-24', 'ghghgh', 1, 'pending', 4, '2019-01-22 21:52:27', '2019-01-22 21:52:27'),
(787, 2, 30, 51, 1200, '2019-12-24', 'ghghgh', 2, 'pending', 5, '2019-01-22 21:52:27', '2019-01-22 21:52:27'),
(788, 2, 20, 51, 1200, '2019-12-24', 'ghghgh', 3, 'pending', 2, '2019-01-22 21:52:27', '2019-01-22 21:52:27'),
(789, 2, 29, 51, 1200, '2019-12-24', 'ghghgh', 1, 'pending', 6, '2019-01-22 21:52:27', '2019-01-22 21:52:27'),
(790, 2, 30, 51, 1200, '2019-12-24', 'ghghgh', 1, 'pending', 5, '2019-01-22 21:52:27', '2019-01-22 21:52:27'),
(791, 2, 30, 51, 1200, '2019-12-24', 'ghghgh', 2, 'pending', 4, '2019-01-22 21:52:27', '2019-01-22 21:52:27'),
(792, 2, 29, 51, 1200, '2019-12-24', 'ghghgh', 2, 'pending', 5, '2019-01-22 21:52:27', '2019-01-22 21:52:27'),
(793, 2, 29, 51, 1200, '2019-12-24', 'ghghgh', 2, 'pending', 4, '2019-01-22 21:52:27', '2019-01-22 21:52:27'),
(794, 2, 30, 51, 1200, '2019-12-24', 'ghghgh', 3, 'pending', 5, '2019-01-22 21:52:27', '2019-01-22 21:52:27'),
(795, 2, 29, 51, 1200, '2019-12-24', 'ghghgh', 1, 'pending', 4, '2019-01-22 21:52:27', '2019-01-22 21:52:27'),
(796, 2, 24, 51, 1200, '2019-12-24', 'ghghgh', 1, 'pending', 2, '2019-01-22 21:52:27', '2019-01-22 21:52:27'),
(797, 2, 29, 51, 1200, '2019-12-24', 'ghghgh', 3, 'pending', 4, '2019-01-22 21:52:27', '2019-01-22 21:52:27'),
(798, 2, 20, 51, 1200, '2019-12-24', 'ghghgh', 2, 'pending', 2, '2019-01-22 21:52:27', '2019-01-22 21:52:27'),
(799, 2, 30, 51, 1200, '2019-12-24', 'ghghgh', 1, 'pending', 2, '2019-01-22 21:52:27', '2019-01-22 21:52:27'),
(800, 2, 24, 51, 1200, '2019-12-24', 'ghghgh', 1, 'pending', 4, '2019-01-22 21:52:27', '2019-01-22 21:52:27'),
(801, 2, 29, 51, 1200, '2019-12-24', 'ghghgh', 3, 'pending', 6, '2019-01-22 21:52:27', '2019-01-22 21:52:27'),
(802, 2, 30, 51, 1200, '2019-12-24', 'ghghgh', 1, 'pending', 6, '2019-01-22 21:52:27', '2019-01-22 21:52:27'),
(803, 2, 29, 51, 1200, '2019-12-24', 'ghghgh', 3, 'pending', 5, '2019-01-22 21:52:27', '2019-01-22 21:52:27'),
(804, 2, 29, 51, 1200, '2019-12-24', 'ghghgh', 3, 'pending', 6, '2019-01-22 21:52:27', '2019-01-22 21:52:27'),
(805, 2, 20, 51, 1200, '2019-12-24', 'ghghgh', 2, 'pending', 5, '2019-01-22 21:52:27', '2019-01-22 21:52:27'),
(806, 2, 24, 51, 1200, '2019-12-24', 'ghghgh', 2, 'pending', 2, '2019-01-22 21:52:27', '2019-01-22 21:52:27'),
(807, 2, 20, 51, 1200, '2019-12-24', 'ghghgh', 3, 'pending', 4, '2019-01-22 21:52:27', '2019-01-22 21:52:27'),
(808, 2, 29, 51, 1200, '2019-12-24', 'ghghgh', 3, 'pending', 2, '2019-01-22 21:52:27', '2019-01-22 21:52:27'),
(809, 2, 24, 51, 1200, '2019-12-24', 'ghghgh', 3, 'pending', 5, '2019-01-22 21:52:27', '2019-01-22 21:52:27'),
(810, 2, 20, 51, 1200, '2019-12-24', 'ghghgh', 1, 'pending', 4, '2019-01-22 21:52:27', '2019-01-22 21:52:27'),
(811, 2, 20, 51, 1200, '2019-12-24', 'ghghgh', 3, 'pending', 6, '2019-01-22 21:52:27', '2019-01-22 21:52:27'),
(812, 2, 29, 51, 1200, '2019-12-24', 'ghghgh', 3, 'pending', 6, '2019-01-22 21:52:27', '2019-01-22 21:52:27'),
(813, 2, 29, 51, 1200, '2019-12-24', 'ghghgh', 3, 'pending', 4, '2019-01-22 21:52:27', '2019-01-22 21:52:27'),
(814, 2, 30, 51, 1200, '2019-12-24', 'ghghgh', 3, 'pending', 2, '2019-01-22 21:52:27', '2019-01-22 21:52:27'),
(815, 2, 20, 51, 1200, '2019-12-24', 'ghghgh', 2, 'pending', 2, '2019-01-22 21:52:27', '2019-01-22 21:52:27'),
(816, 2, 20, 51, 1200, '2019-12-24', 'ghghgh', 1, 'pending', 4, '2019-01-22 21:52:27', '2019-01-22 21:52:27'),
(817, 2, 29, 51, 1200, '2019-12-24', 'ghghgh', 2, 'pending', 5, '2019-01-22 21:52:27', '2019-01-22 21:52:27'),
(818, 2, 29, 51, 1200, '2019-12-24', 'ghghgh', 3, 'pending', 4, '2019-01-22 21:52:27', '2019-01-22 21:52:27'),
(819, 2, 20, 51, 1200, '2019-12-24', 'ghghgh', 3, 'pending', 4, '2019-01-22 21:52:27', '2019-01-22 21:52:27'),
(820, 2, 29, 51, 1200, '2019-12-24', 'ghghgh', 2, 'pending', 4, '2019-01-22 21:52:27', '2019-01-22 21:52:27'),
(821, 2, 30, 51, 1200, '2019-12-24', 'ghghgh', 3, 'pending', 4, '2019-01-22 21:52:27', '2019-01-22 21:52:27'),
(822, 2, 20, 51, 1200, '2019-12-24', 'ghghgh', 1, 'pending', 6, '2019-01-22 21:52:27', '2019-01-22 21:52:27'),
(823, 2, 29, 51, 1200, '2019-12-24', 'ghghgh', 2, 'pending', 6, '2019-01-22 21:52:27', '2019-01-22 21:52:27'),
(824, 2, 24, 51, 1200, '2019-12-24', 'ghghgh', 1, 'pending', 6, '2019-01-22 21:52:27', '2019-01-22 21:52:27'),
(825, 2, 29, 51, 1200, '2019-12-24', 'ghghgh', 3, 'pending', 5, '2019-01-22 21:52:27', '2019-01-22 21:52:27'),
(826, 2, 24, 51, 1200, '2019-12-24', 'ghghgh', 3, 'pending', 2, '2019-01-22 21:52:27', '2019-01-22 21:52:27'),
(827, 2, 20, 51, 1200, '2019-12-24', 'ghghgh', 2, 'pending', 4, '2019-01-22 21:52:27', '2019-01-22 21:52:27'),
(828, 2, 29, 51, 1200, '2019-12-24', 'ghghgh', 3, 'pending', 2, '2019-01-22 21:52:27', '2019-01-22 21:52:27'),
(829, 2, 30, 51, 1200, '2019-12-24', 'ghghgh', 1, 'pending', 4, '2019-01-22 21:52:27', '2019-01-22 21:52:27'),
(830, 2, 29, 51, 1200, '2019-12-24', 'ghghgh', 3, 'pending', 4, '2019-01-22 21:52:27', '2019-01-22 21:52:27'),
(831, 2, 30, 51, 1200, '2019-12-24', 'ghghgh', 1, 'pending', 2, '2019-01-22 21:52:27', '2019-01-22 21:52:27'),
(832, 2, 20, 51, 1200, '2019-12-24', 'ghghgh', 1, 'pending', 2, '2019-01-22 21:52:27', '2019-01-22 21:52:27'),
(833, 2, 30, 51, 1200, '2019-12-24', 'ghghgh', 1, 'pending', 2, '2019-01-22 21:52:27', '2019-01-22 21:52:27'),
(834, 2, 24, 51, 1200, '2019-12-24', 'ghghgh', 1, 'pending', 5, '2019-01-22 21:52:27', '2019-01-22 21:52:27'),
(835, 2, 20, 51, 1200, '2019-12-24', 'ghghgh', 3, 'pending', 5, '2019-01-22 21:52:27', '2019-01-22 21:52:27'),
(836, 2, 30, 51, 1200, '2019-12-24', 'ghghgh', 1, 'pending', 2, '2019-01-22 21:52:27', '2019-01-22 21:52:27'),
(837, 2, 29, 51, 1200, '2019-12-24', 'ghghgh', 3, 'pending', 5, '2019-01-22 21:52:27', '2019-01-22 21:52:27'),
(838, 2, 20, 51, 1200, '2019-12-24', 'ghghgh', 2, 'pending', 4, '2019-01-22 21:52:27', '2019-01-22 21:52:27'),
(839, 2, 30, 51, 1200, '2019-12-24', 'ghghgh', 1, 'pending', 4, '2019-01-22 21:52:27', '2019-01-22 21:52:27'),
(840, 2, 20, 51, 1200, '2019-12-24', 'ghghgh', 2, 'pending', 6, '2019-01-22 21:52:27', '2019-01-22 21:52:27'),
(841, 2, 30, 51, 1200, '2019-12-24', 'ghghgh', 1, 'pending', 6, '2019-01-22 21:52:27', '2019-01-22 21:52:27'),
(842, 2, 29, 51, 1200, '2019-12-24', 'ghghgh', 1, 'pending', 6, '2019-01-22 21:52:27', '2019-01-22 21:52:27'),
(843, 2, 30, 51, 1200, '2019-12-24', 'ghghgh', 1, 'pending', 6, '2019-01-22 21:52:27', '2019-01-22 21:52:27'),
(844, 2, 29, 51, 1200, '2019-12-24', 'ghghgh', 1, 'pending', 6, '2019-01-22 21:52:27', '2019-01-22 21:52:27'),
(845, 2, 20, 51, 1200, '2019-12-24', 'ghghgh', 2, 'pending', 5, '2019-01-22 21:52:27', '2019-01-22 21:52:27'),
(846, 2, 30, 51, 1200, '2019-12-24', 'ghghgh', 1, 'pending', 2, '2019-01-22 21:52:27', '2019-01-22 21:52:27'),
(847, 2, 29, 51, 1200, '2019-12-24', 'ghghgh', 3, 'pending', 2, '2019-01-22 21:52:27', '2019-01-22 21:52:27'),
(848, 2, 24, 51, 1200, '2019-12-24', 'ghghgh', 3, 'pending', 2, '2019-01-22 21:52:27', '2019-01-22 21:52:27'),
(849, 2, 20, 51, 1200, '2019-12-24', 'ghghgh', 3, 'pending', 2, '2019-01-22 21:52:27', '2019-01-22 21:52:27'),
(850, 2, 30, 51, 1200, '2019-12-24', 'ghghgh', 1, 'pending', 5, '2019-01-22 21:52:27', '2019-01-22 21:52:27'),
(851, 2, 30, 51, 1200, '2019-12-24', 'ghghgh', 2, 'pending', 5, '2019-01-22 21:52:27', '2019-01-22 21:52:27'),
(852, 2, 29, 51, 1200, '2019-12-24', 'ghghgh', 1, 'pending', 2, '2019-01-22 21:52:27', '2019-01-22 21:52:27'),
(853, 2, 29, 51, 1200, '2019-12-24', 'ghghgh', 2, 'pending', 4, '2019-01-22 21:52:27', '2019-01-22 21:52:27'),
(854, 2, 29, 51, 1200, '2019-12-24', 'ghghgh', 1, 'pending', 4, '2019-01-22 21:52:27', '2019-01-22 21:52:27'),
(855, 2, 20, 51, 1200, '2019-12-24', 'ghghgh', 3, 'pending', 6, '2019-01-22 21:52:27', '2019-01-22 21:52:27'),
(856, 2, 20, 51, 1200, '2019-12-24', 'ghghgh', 1, 'pending', 4, '2019-01-22 21:52:27', '2019-01-22 21:52:27'),
(857, 2, 24, 51, 1200, '2019-12-24', 'ghghgh', 3, 'pending', 5, '2019-01-22 21:52:27', '2019-01-22 21:52:27'),
(858, 2, 30, 51, 1200, '2019-12-24', 'ghghgh', 3, 'pending', 6, '2019-01-22 21:52:27', '2019-01-22 21:52:27'),
(859, 2, 20, 51, 1200, '2019-12-24', 'ghghgh', 3, 'pending', 6, '2019-01-22 21:52:27', '2019-01-22 21:52:27'),
(860, 2, 29, 51, 1200, '2019-12-24', 'ghghgh', 1, 'pending', 4, '2019-01-22 21:52:27', '2019-01-22 21:52:27'),
(861, 2, 24, 51, 1200, '2019-12-24', 'ghghgh', 2, 'pending', 5, '2019-01-22 21:52:27', '2019-01-22 21:52:27'),
(862, 2, 29, 51, 1200, '2019-12-24', 'ghghgh', 1, 'pending', 2, '2019-01-22 21:52:27', '2019-01-22 21:52:27'),
(863, 2, 24, 51, 1200, '2019-12-24', 'ghghgh', 1, 'pending', 6, '2019-01-22 21:52:27', '2019-01-22 21:52:27'),
(864, 2, 29, 51, 1200, '2019-12-24', 'ghghgh', 2, 'pending', 6, '2019-01-22 21:52:27', '2019-01-22 21:52:27'),
(865, 2, 29, 51, 1200, '2019-12-24', 'ghghgh', 2, 'pending', 4, '2019-01-22 21:52:27', '2019-01-22 21:52:27'),
(866, 2, 20, 51, 1200, '2019-12-24', 'ghghgh', 3, 'pending', 5, '2019-01-22 21:52:27', '2019-01-22 21:52:27'),
(867, 2, 24, 51, 1200, '2019-12-24', 'ghghgh', 3, 'pending', 4, '2019-01-22 21:52:27', '2019-01-22 21:52:27'),
(868, 2, 20, 51, 1200, '2019-12-24', 'ghghgh', 3, 'pending', 2, '2019-01-22 21:52:27', '2019-01-22 21:52:27'),
(869, 2, 20, 51, 1200, '2019-12-24', 'ghghgh', 3, 'pending', 6, '2019-01-22 21:52:27', '2019-01-22 21:52:27'),
(870, 2, 29, 51, 1200, '2019-12-24', 'ghghgh', 1, 'pending', 4, '2019-01-22 21:52:27', '2019-01-22 21:52:27'),
(871, 2, 29, 51, 1200, '2019-12-24', 'ghghgh', 1, 'pending', 4, '2019-01-22 21:52:27', '2019-01-22 21:52:27'),
(872, 2, 30, 51, 1200, '2019-12-24', 'ghghgh', 2, 'pending', 5, '2019-01-22 21:52:27', '2019-01-22 21:52:27'),
(873, 2, 24, 51, 1200, '2019-12-24', 'ghghgh', 1, 'pending', 5, '2019-01-22 21:52:27', '2019-01-22 21:52:27'),
(874, 2, 20, 51, 1200, '2019-12-24', 'ghghgh', 2, 'pending', 5, '2019-01-22 21:52:27', '2019-01-22 21:52:27'),
(875, 2, 20, 51, 1200, '2019-12-24', 'ghghgh', 2, 'pending', 6, '2019-01-22 21:52:27', '2019-01-22 21:52:27'),
(876, 2, 24, 51, 1200, '2019-12-24', 'ghghgh', 1, 'pending', 2, '2019-01-22 21:52:27', '2019-01-22 21:52:27'),
(877, 2, 24, 51, 1200, '2019-12-24', 'ghghgh', 3, 'pending', 6, '2019-01-22 21:52:27', '2019-01-22 21:52:27'),
(878, 2, 29, 51, 1200, '2019-12-24', 'ghghgh', 2, 'pending', 4, '2019-01-22 21:52:27', '2019-01-22 21:52:27'),
(879, 2, 20, 51, 1200, '2019-12-24', 'ghghgh', 1, 'pending', 4, '2019-01-22 21:52:27', '2019-01-22 21:52:27'),
(880, 2, 24, 51, 1200, '2019-12-24', 'ghghgh', 3, 'pending', 6, '2019-01-22 21:52:27', '2019-01-22 21:52:27'),
(881, 2, 30, 51, 1200, '2019-12-24', 'ghghgh', 1, 'pending', 2, '2019-01-22 21:52:27', '2019-01-22 21:52:27'),
(882, 2, 29, 51, 1200, '2019-12-24', 'ghghgh', 3, 'pending', 2, '2019-01-22 21:52:27', '2019-01-22 21:52:27'),
(883, 2, 30, 51, 1200, '2019-12-24', 'ghghgh', 3, 'pending', 2, '2019-01-22 21:52:27', '2019-01-22 21:52:27'),
(884, 2, 30, 51, 1200, '2019-12-24', 'ghghgh', 3, 'pending', 6, '2019-01-22 21:52:27', '2019-01-22 21:52:27'),
(885, 2, 29, 51, 1200, '2019-12-24', 'ghghgh', 2, 'pending', 2, '2019-01-22 21:52:27', '2019-01-22 21:52:27'),
(886, 2, 30, 51, 1200, '2019-12-24', 'ghghgh', 3, 'pending', 4, '2019-01-22 21:52:27', '2019-01-22 21:52:27'),
(887, 2, 24, 51, 1200, '2019-12-24', 'ghghgh', 2, 'pending', 2, '2019-01-22 21:52:27', '2019-01-22 21:52:27'),
(888, 2, 24, 51, 1200, '2019-12-24', 'ghghgh', 3, 'pending', 2, '2019-01-22 21:52:27', '2019-01-22 21:52:27'),
(889, 2, 20, 51, 1200, '2019-12-24', 'ghghgh', 1, 'pending', 5, '2019-01-22 21:52:27', '2019-01-22 21:52:27'),
(890, 2, 20, 51, 1200, '2019-12-24', 'ghghgh', 2, 'pending', 6, '2019-01-22 21:52:27', '2019-01-22 21:52:27'),
(891, 2, 24, 51, 1200, '2019-12-24', 'ghghgh', 1, 'pending', 2, '2019-01-22 21:52:27', '2019-01-22 21:52:27'),
(892, 2, 29, 51, 1200, '2019-12-24', 'ghghgh', 1, 'pending', 4, '2019-01-22 21:52:27', '2019-01-22 21:52:27'),
(893, 2, 24, 51, 1200, '2019-12-24', 'ghghgh', 3, 'pending', 2, '2019-01-22 21:52:27', '2019-01-22 21:52:27'),
(894, 2, 29, 51, 1200, '2019-12-24', 'ghghgh', 3, 'pending', 4, '2019-01-22 21:52:27', '2019-01-22 21:52:27'),
(895, 2, 29, 51, 1200, '2019-12-24', 'ghghgh', 2, 'pending', 6, '2019-01-22 21:52:27', '2019-01-22 21:52:27'),
(896, 2, 30, 51, 1200, '2019-12-24', 'ghghgh', 3, 'pending', 2, '2019-01-22 21:52:27', '2019-01-22 21:52:27'),
(897, 2, 24, 51, 1200, '2019-12-24', 'ghghgh', 3, 'pending', 4, '2019-01-22 21:52:27', '2019-01-22 21:52:27'),
(898, 2, 24, 51, 1200, '2019-12-24', 'ghghgh', 2, 'pending', 5, '2019-01-22 21:52:27', '2019-01-22 21:52:27'),
(899, 2, 30, 51, 1200, '2019-12-24', 'ghghgh', 3, 'pending', 5, '2019-01-22 21:52:27', '2019-01-22 21:52:27'),
(900, 2, 30, 51, 1200, '2019-12-24', 'ghghgh', 3, 'pending', 4, '2019-01-22 21:52:27', '2019-01-22 21:52:27'),
(901, 2, 30, 51, 1200, '2019-12-24', 'ghghgh', 2, 'pending', 5, '2019-01-22 21:52:27', '2019-01-22 21:52:27'),
(902, 2, 30, 51, 1200, '2019-12-24', 'ghghgh', 3, 'pending', 4, '2019-01-22 21:52:27', '2019-01-22 21:52:27'),
(903, 2, 30, 51, 1200, '2019-12-24', 'ghghgh', 1, 'pending', 5, '2019-01-22 21:52:27', '2019-01-22 21:52:27'),
(904, 2, 20, 51, 1200, '2019-12-24', 'ghghgh', 1, 'pending', 5, '2019-01-22 21:52:27', '2019-01-22 21:52:27'),
(905, 2, 20, 51, 1200, '2019-12-24', 'ghghgh', 2, 'pending', 6, '2019-01-22 21:52:27', '2019-01-22 21:52:27'),
(906, 2, 30, 51, 1200, '2019-12-24', 'ghghgh', 3, 'pending', 6, '2019-01-22 21:52:27', '2019-01-22 21:52:27'),
(907, 2, 29, 51, 1200, '2019-12-24', 'ghghgh', 2, 'pending', 2, '2019-01-22 21:52:27', '2019-01-22 21:52:27'),
(908, 2, 20, 51, 1200, '2019-12-24', 'ghghgh', 3, 'pending', 4, '2019-01-22 21:52:27', '2019-01-22 21:52:27'),
(909, 2, 20, 51, 1200, '2019-12-24', 'ghghgh', 1, 'pending', 2, '2019-01-22 21:52:27', '2019-01-22 21:52:27'),
(910, 2, 30, 51, 1200, '2019-12-24', 'ghghgh', 3, 'pending', 5, '2019-01-22 21:52:27', '2019-01-22 21:52:27'),
(911, 2, 29, 51, 1200, '2019-12-24', 'ghghgh', 3, 'pending', 2, '2019-01-22 21:52:27', '2019-01-22 21:52:27'),
(912, 2, 30, 51, 1200, '2019-12-24', 'ghghgh', 2, 'pending', 5, '2019-01-22 21:52:27', '2019-01-22 21:52:27'),
(913, 2, 30, 51, 1200, '2019-12-24', 'ghghgh', 2, 'pending', 5, '2019-01-22 21:52:27', '2019-01-22 21:52:27'),
(914, 2, 29, 51, 1200, '2019-12-24', 'ghghgh', 3, 'pending', 5, '2019-01-22 21:52:27', '2019-01-22 21:52:27'),
(915, 2, 24, 51, 1200, '2019-12-24', 'ghghgh', 2, 'pending', 5, '2019-01-22 21:52:27', '2019-01-22 21:52:27'),
(916, 2, 29, 51, 1200, '2019-12-24', 'ghghgh', 3, 'pending', 4, '2019-01-22 21:52:27', '2019-01-22 21:52:27'),
(917, 2, 29, 51, 1200, '2019-12-24', 'ghghgh', 1, 'pending', 2, '2019-01-22 21:52:27', '2019-01-22 21:52:27'),
(918, 2, 30, 51, 1200, '2019-12-24', 'ghghgh', 1, 'pending', 2, '2019-01-22 21:52:27', '2019-01-22 21:52:27'),
(919, 2, 24, 51, 1200, '2019-12-24', 'ghghgh', 1, 'pending', 4, '2019-01-22 21:52:27', '2019-01-22 21:52:27'),
(920, 2, 24, 51, 1200, '2019-12-24', 'ghghgh', 2, 'pending', 5, '2019-01-22 21:52:27', '2019-01-22 21:52:27'),
(921, 2, 29, 51, 1200, '2019-12-24', 'ghghgh', 1, 'pending', 2, '2019-01-22 21:52:27', '2019-01-22 21:52:27'),
(922, 2, 29, 51, 1200, '2019-12-24', 'ghghgh', 1, 'pending', 4, '2019-01-22 21:52:27', '2019-01-22 21:52:27'),
(923, 2, 30, 51, 1200, '2019-12-24', 'ghghgh', 2, 'pending', 6, '2019-01-22 21:52:27', '2019-01-22 21:52:27'),
(924, 2, 30, 51, 1200, '2019-12-24', 'ghghgh', 3, 'pending', 5, '2019-01-22 21:52:27', '2019-01-22 21:52:27'),
(925, 2, 20, 51, 1200, '2019-12-24', 'ghghgh', 3, 'pending', 5, '2019-01-22 21:52:27', '2019-01-22 21:52:27'),
(926, 2, 29, 51, 1200, '2019-12-24', 'ghghgh', 3, 'pending', 4, '2019-01-22 21:52:27', '2019-01-22 21:52:27');
INSERT INTO `commands` (`id`, `employee_id`, `stock_id`, `qte_out`, `cost`, `date`, `reason`, `location_id`, `status`, `article_id`, `created_at`, `updated_at`) VALUES
(927, 2, 24, 51, 1200, '2019-12-24', 'ghghgh', 3, 'pending', 4, '2019-01-22 21:52:27', '2019-01-22 21:52:27'),
(928, 2, 24, 51, 1200, '2019-12-24', 'ghghgh', 1, 'pending', 6, '2019-01-22 21:52:27', '2019-01-22 21:52:27'),
(929, 2, 30, 51, 1200, '2019-12-24', 'ghghgh', 1, 'pending', 5, '2019-01-22 21:52:27', '2019-01-22 21:52:27'),
(930, 2, 29, 51, 1200, '2019-12-24', 'ghghgh', 3, 'pending', 2, '2019-01-22 21:52:27', '2019-01-22 21:52:27'),
(931, 2, 24, 51, 1200, '2019-12-24', 'ghghgh', 1, 'pending', 2, '2019-01-22 21:52:27', '2019-01-22 21:52:27'),
(932, 2, 29, 51, 1200, '2019-12-24', 'ghghgh', 3, 'pending', 2, '2019-01-22 21:52:28', '2019-01-22 21:52:28'),
(933, 2, 24, 51, 1200, '2019-12-24', 'ghghgh', 2, 'pending', 5, '2019-01-22 21:52:28', '2019-01-22 21:52:28'),
(934, 2, 20, 51, 1200, '2019-12-24', 'ghghgh', 3, 'pending', 5, '2019-01-22 21:52:28', '2019-01-22 21:52:28'),
(935, 2, 20, 51, 1200, '2019-12-24', 'ghghgh', 2, 'pending', 4, '2019-01-22 21:52:28', '2019-01-22 21:52:28'),
(936, 2, 30, 51, 1200, '2019-12-24', 'ghghgh', 2, 'pending', 4, '2019-01-22 21:52:28', '2019-01-22 21:52:28'),
(937, 2, 20, 51, 1200, '2019-12-24', 'ghghgh', 3, 'pending', 4, '2019-01-22 21:52:28', '2019-01-22 21:52:28'),
(938, 2, 29, 51, 1200, '2019-12-24', 'ghghgh', 1, 'pending', 6, '2019-01-22 21:52:28', '2019-01-22 21:52:28'),
(939, 2, 29, 51, 1200, '2019-12-24', 'ghghgh', 3, 'pending', 5, '2019-01-22 21:52:28', '2019-01-22 21:52:28'),
(940, 2, 20, 51, 1200, '2019-12-24', 'ghghgh', 1, 'pending', 5, '2019-01-22 21:52:28', '2019-01-22 21:52:28'),
(941, 2, 29, 51, 1200, '2019-12-24', 'ghghgh', 3, 'pending', 4, '2019-01-22 21:52:28', '2019-01-22 21:52:28'),
(942, 2, 24, 51, 1200, '2019-12-24', 'ghghgh', 3, 'pending', 2, '2019-01-22 21:52:28', '2019-01-22 21:52:28'),
(943, 2, 30, 51, 1200, '2019-12-24', 'ghghgh', 2, 'pending', 6, '2019-01-22 21:52:28', '2019-01-22 21:52:28'),
(944, 2, 30, 51, 1200, '2019-12-24', 'ghghgh', 3, 'pending', 2, '2019-01-22 21:52:28', '2019-01-22 21:52:28'),
(945, 2, 24, 51, 1200, '2019-12-24', 'ghghgh', 2, 'pending', 6, '2019-01-22 21:52:28', '2019-01-22 21:52:28'),
(946, 2, 30, 51, 1200, '2019-12-24', 'ghghgh', 1, 'pending', 2, '2019-01-22 21:52:28', '2019-01-22 21:52:28'),
(947, 2, 30, 51, 1200, '2019-12-24', 'ghghgh', 3, 'pending', 2, '2019-01-22 21:52:28', '2019-01-22 21:52:28'),
(948, 2, 29, 51, 1200, '2019-12-24', 'ghghgh', 1, 'pending', 2, '2019-01-22 21:52:28', '2019-01-22 21:52:28'),
(949, 2, 20, 51, 1200, '2019-12-24', 'ghghgh', 3, 'pending', 5, '2019-01-22 21:52:28', '2019-01-22 21:52:28'),
(950, 2, 20, 51, 1200, '2019-12-24', 'ghghgh', 2, 'pending', 2, '2019-01-22 21:52:28', '2019-01-22 21:52:28'),
(951, 2, 20, 51, 1200, '2019-12-24', 'ghghgh', 2, 'pending', 5, '2019-01-22 21:52:28', '2019-01-22 21:52:28'),
(952, 2, 20, 51, 1200, '2019-12-24', 'ghghgh', 3, 'pending', 4, '2019-01-22 21:52:28', '2019-01-22 21:52:28'),
(953, 2, 20, 51, 1200, '2019-12-24', 'ghghgh', 2, 'pending', 6, '2019-01-22 21:52:28', '2019-01-22 21:52:28'),
(954, 2, 29, 51, 1200, '2019-12-24', 'ghghgh', 2, 'pending', 2, '2019-01-22 21:52:28', '2019-01-22 21:52:28'),
(955, 2, 30, 51, 1200, '2019-12-24', 'ghghgh', 2, 'pending', 6, '2019-01-22 21:52:28', '2019-01-22 21:52:28'),
(956, 2, 29, 51, 1200, '2019-12-24', 'ghghgh', 1, 'pending', 2, '2019-01-22 21:52:28', '2019-01-22 21:52:28'),
(957, 2, 29, 51, 1200, '2019-12-24', 'ghghgh', 1, 'pending', 2, '2019-01-22 21:52:28', '2019-01-22 21:52:28'),
(958, 2, 24, 51, 1200, '2019-12-24', 'ghghgh', 1, 'pending', 6, '2019-01-22 21:52:28', '2019-01-22 21:52:28'),
(959, 2, 24, 51, 1200, '2019-12-24', 'ghghgh', 2, 'pending', 6, '2019-01-22 21:52:28', '2019-01-22 21:52:28'),
(960, 2, 29, 51, 1200, '2019-12-24', 'ghghgh', 1, 'pending', 2, '2019-01-22 21:52:28', '2019-01-22 21:52:28'),
(961, 2, 24, 51, 1200, '2019-12-24', 'ghghgh', 2, 'pending', 5, '2019-01-22 21:52:28', '2019-01-22 21:52:28'),
(962, 2, 29, 51, 1200, '2019-12-24', 'ghghgh', 3, 'pending', 2, '2019-01-22 21:52:28', '2019-01-22 21:52:28'),
(963, 2, 29, 51, 1200, '2019-12-24', 'ghghgh', 1, 'pending', 4, '2019-01-22 21:52:28', '2019-01-22 21:52:28'),
(964, 2, 30, 51, 1200, '2019-12-24', 'ghghgh', 1, 'pending', 2, '2019-01-22 21:52:28', '2019-01-22 21:52:28'),
(965, 2, 30, 51, 1200, '2019-12-24', 'ghghgh', 1, 'pending', 4, '2019-01-22 21:52:28', '2019-01-22 21:52:28'),
(966, 2, 20, 51, 1200, '2019-12-24', 'ghghgh', 2, 'pending', 4, '2019-01-22 21:52:28', '2019-01-22 21:52:28'),
(967, 2, 24, 51, 1200, '2019-12-24', 'ghghgh', 1, 'pending', 5, '2019-01-22 21:52:28', '2019-01-22 21:52:28'),
(968, 2, 29, 51, 1200, '2019-12-24', 'ghghgh', 3, 'pending', 2, '2019-01-22 21:52:28', '2019-01-22 21:52:28'),
(969, 2, 20, 51, 1200, '2019-12-24', 'ghghgh', 2, 'pending', 6, '2019-01-22 21:52:28', '2019-01-22 21:52:28'),
(970, 2, 24, 51, 1200, '2019-12-24', 'ghghgh', 1, 'pending', 6, '2019-01-22 21:52:28', '2019-01-22 21:52:28'),
(971, 2, 30, 51, 1200, '2019-12-24', 'ghghgh', 3, 'pending', 5, '2019-01-22 21:52:28', '2019-01-22 21:52:28'),
(972, 2, 24, 51, 1200, '2019-12-24', 'ghghgh', 3, 'pending', 6, '2019-01-22 21:52:28', '2019-01-22 21:52:28'),
(973, 2, 30, 51, 1200, '2019-12-24', 'ghghgh', 2, 'pending', 5, '2019-01-22 21:52:28', '2019-01-22 21:52:28'),
(974, 2, 30, 51, 1200, '2019-12-24', 'ghghgh', 1, 'pending', 6, '2019-01-22 21:52:28', '2019-01-22 21:52:28'),
(975, 2, 29, 51, 1200, '2019-12-24', 'ghghgh', 2, 'pending', 2, '2019-01-22 21:52:28', '2019-01-22 21:52:28'),
(976, 2, 29, 51, 1200, '2019-12-24', 'ghghgh', 1, 'pending', 5, '2019-01-22 21:52:28', '2019-01-22 21:52:28'),
(977, 2, 20, 51, 1200, '2019-12-24', 'ghghgh', 2, 'pending', 5, '2019-01-22 21:52:28', '2019-01-22 21:52:28'),
(978, 2, 30, 51, 1200, '2019-12-24', 'ghghgh', 3, 'pending', 4, '2019-01-22 21:52:28', '2019-01-22 21:52:28'),
(979, 2, 20, 51, 1200, '2019-12-24', 'ghghgh', 1, 'pending', 4, '2019-01-22 21:52:28', '2019-01-22 21:52:28'),
(980, 2, 30, 51, 1200, '2019-12-24', 'ghghgh', 1, 'pending', 5, '2019-01-22 21:52:28', '2019-01-22 21:52:28'),
(981, 2, 20, 51, 1200, '2019-12-24', 'ghghgh', 1, 'pending', 4, '2019-01-22 21:52:28', '2019-01-22 21:52:28'),
(982, 2, 29, 51, 1200, '2019-12-24', 'ghghgh', 3, 'pending', 2, '2019-01-22 21:52:28', '2019-01-22 21:52:28'),
(983, 2, 24, 51, 1200, '2019-12-24', 'ghghgh', 2, 'pending', 6, '2019-01-22 21:52:28', '2019-01-22 21:52:28'),
(984, 2, 30, 51, 1200, '2019-12-24', 'ghghgh', 1, 'pending', 4, '2019-01-22 21:52:28', '2019-01-22 21:52:28'),
(985, 2, 30, 51, 1200, '2019-12-24', 'ghghgh', 3, 'pending', 5, '2019-01-22 21:52:28', '2019-01-22 21:52:28'),
(986, 2, 29, 51, 1200, '2019-12-24', 'ghghgh', 1, 'pending', 5, '2019-01-22 21:52:28', '2019-01-22 21:52:28'),
(987, 2, 29, 51, 1200, '2019-12-24', 'ghghgh', 1, 'pending', 2, '2019-01-22 21:52:28', '2019-01-22 21:52:28'),
(988, 2, 20, 51, 1200, '2019-12-24', 'ghghgh', 1, 'pending', 5, '2019-01-22 21:52:28', '2019-01-22 21:52:28'),
(989, 2, 24, 51, 1200, '2019-12-24', 'ghghgh', 2, 'pending', 2, '2019-01-22 21:52:28', '2019-01-22 21:52:28'),
(990, 2, 24, 51, 1200, '2019-12-24', 'ghghgh', 3, 'pending', 4, '2019-01-22 21:52:28', '2019-01-22 21:52:28'),
(991, 2, 29, 51, 1200, '2019-12-24', 'ghghgh', 2, 'pending', 4, '2019-01-22 21:52:28', '2019-01-22 21:52:28'),
(992, 2, 29, 51, 1200, '2019-12-24', 'ghghgh', 1, 'pending', 2, '2019-01-22 21:52:28', '2019-01-22 21:52:28'),
(993, 2, 20, 51, 1200, '2019-12-24', 'ghghgh', 2, 'pending', 5, '2019-01-22 21:52:28', '2019-01-22 21:52:28'),
(994, 2, 30, 51, 1200, '2019-12-24', 'ghghgh', 2, 'pending', 4, '2019-01-22 21:52:28', '2019-01-22 21:52:28'),
(995, 2, 30, 51, 1200, '2019-12-24', 'ghghgh', 1, 'pending', 4, '2019-01-22 21:52:28', '2019-01-22 21:52:28'),
(996, 2, 20, 51, 1200, '2019-12-24', 'ghghgh', 2, 'pending', 4, '2019-01-22 21:52:28', '2019-01-22 21:52:28'),
(997, 2, 30, 51, 1200, '2019-12-24', 'ghghgh', 3, 'pending', 5, '2019-01-22 21:52:28', '2019-01-22 21:52:28'),
(998, 2, 30, 51, 1200, '2019-12-24', 'ghghgh', 2, 'pending', 4, '2019-01-22 21:52:28', '2019-01-22 21:52:28'),
(999, 2, 24, 51, 1200, '2019-12-24', 'ghghgh', 2, 'pending', 2, '2019-01-22 21:52:28', '2019-01-22 21:52:28'),
(1000, 2, 24, 51, 1200, '2019-12-24', 'ghghgh', 2, 'pending', 2, '2019-01-22 21:52:28', '2019-01-22 21:52:28'),
(1001, 2, 30, 51, 1200, '2019-12-24', 'ghghgh', 1, 'pending', 4, '2019-01-22 21:52:28', '2019-01-22 21:52:28'),
(1002, 2, 24, 51, 1200, '2019-12-24', 'ghghgh', 3, 'pending', 6, '2019-01-22 21:52:28', '2019-01-22 21:52:28'),
(1003, 2, 20, 51, 1200, '2019-12-24', 'ghghgh', 2, 'pending', 6, '2019-01-22 21:52:28', '2019-01-22 21:52:28');

-- --------------------------------------------------------

--
-- Table structure for table `costs`
--

DROP TABLE IF EXISTS `costs`;
CREATE TABLE IF NOT EXISTS `costs` (
  `id` int(10) UNSIGNED NOT NULL AUTO_INCREMENT,
  `date` date NOT NULL,
  `cost` double NOT NULL,
  `qte` int(11) NOT NULL,
  `article_id` int(11) DEFAULT NULL,
  `created_at` timestamp NULL DEFAULT NULL,
  `updated_at` timestamp NULL DEFAULT NULL,
  PRIMARY KEY (`id`),
  KEY `costs_article_id_foreign` (`article_id`)
) ENGINE=MyISAM AUTO_INCREMENT=15 DEFAULT CHARSET=utf8mb4 COLLATE=utf8mb4_unicode_ci;

--
-- Dumping data for table `costs`
--

INSERT INTO `costs` (`id`, `date`, `cost`, `qte`, `article_id`, `created_at`, `updated_at`) VALUES
(11, '2018-12-13', 130, 36, 6, '2018-12-22 14:05:17', '2018-12-23 17:07:57'),
(10, '2018-12-20', 100, 139, 6, '2018-12-22 14:05:03', '2018-12-23 17:09:24'),
(13, '2018-12-05', 14.56, 100, 6, '2018-12-22 19:04:42', '2019-02-09 20:04:29'),
(14, '2019-02-09', 1400, 3, 4, '2019-02-09 16:06:38', '2019-02-09 16:06:51');

-- --------------------------------------------------------

--
-- Table structure for table `countries`
--

DROP TABLE IF EXISTS `countries`;
CREATE TABLE IF NOT EXISTS `countries` (
  `id` int(10) UNSIGNED NOT NULL AUTO_INCREMENT,
  `code` varchar(10) COLLATE utf8mb4_unicode_ci NOT NULL,
  `name` varchar(191) COLLATE utf8mb4_unicode_ci NOT NULL,
  PRIMARY KEY (`id`)
) ENGINE=MyISAM AUTO_INCREMENT=248 DEFAULT CHARSET=utf8mb4 COLLATE=utf8mb4_unicode_ci;

--
-- Dumping data for table `countries`
--

INSERT INTO `countries` (`id`, `code`, `name`) VALUES
(2, 'AF', 'Afghanistan'),
(3, 'AL', 'Albania'),
(4, 'DZ', 'Algeria'),
(5, 'DS', 'American Samoa'),
(6, 'AD', 'Andorra'),
(7, 'AO', 'Angola'),
(8, 'AI', 'Anguilla'),
(9, 'AQ', 'Antarctica'),
(10, 'AG', 'Antigua and Barbuda'),
(11, 'AR', 'Argentina'),
(12, 'AM', 'Armenia'),
(13, 'AW', 'Aruba'),
(14, 'AU', 'Australia'),
(15, 'AT', 'Austria'),
(16, 'AZ', 'Azerbaijan'),
(17, 'BS', 'Bahamas'),
(18, 'BH', 'Bahrain'),
(19, 'BD', 'Bangladesh'),
(20, 'BB', 'Barbados'),
(21, 'BY', 'Belarus'),
(22, 'BE', 'Belgium'),
(23, 'BZ', 'Belize'),
(24, 'BJ', 'Benin'),
(25, 'BM', 'Bermuda'),
(26, 'BT', 'Bhutan'),
(27, 'BO', 'Bolivia'),
(28, 'BA', 'Bosnia and Herzegovina'),
(29, 'BW', 'Botswana'),
(30, 'BV', 'Bouvet Island'),
(31, 'BR', 'Brazil'),
(32, 'IO', 'British Indian Ocean Territory'),
(33, 'BN', 'Brunei Darussalam'),
(34, 'BG', 'Bulgaria'),
(35, 'BF', 'Burkina Faso'),
(36, 'BI', 'Burundi'),
(37, 'KH', 'Cambodia'),
(38, 'CM', 'Cameroon'),
(39, 'CA', 'Canada'),
(40, 'CV', 'Cape Verde'),
(41, 'KY', 'Cayman Islands'),
(42, 'CF', 'Central African Republic'),
(43, 'TD', 'Chad'),
(44, 'CL', 'Chile'),
(45, 'CN', 'China'),
(46, 'CX', 'Christmas Island'),
(47, 'CC', 'Cocos (Keeling) Islands'),
(48, 'CO', 'Colombia'),
(49, 'KM', 'Comoros'),
(50, 'CG', 'Congo'),
(51, 'CK', 'Cook Islands'),
(52, 'CR', 'Costa Rica'),
(53, 'HR', 'Croatia (Hrvatska)'),
(54, 'CU', 'Cuba'),
(55, 'CY', 'Cyprus'),
(56, 'CZ', 'Czech Republic'),
(57, 'DK', 'Denmark'),
(58, 'DJ', 'Djibouti'),
(59, 'DM', 'Dominica'),
(60, 'DO', 'Dominican Republic'),
(61, 'TP', 'East Timor'),
(62, 'EC', 'Ecuador'),
(63, 'EG', 'Egypt'),
(64, 'SV', 'El Salvador'),
(65, 'GQ', 'Equatorial Guinea'),
(66, 'ER', 'Eritrea'),
(67, 'EE', 'Estonia'),
(68, 'ET', 'Ethiopia'),
(69, 'FK', 'Falkland Islands (Malvinas)'),
(70, 'FO', 'Faroe Islands'),
(71, 'FJ', 'Fiji'),
(72, 'FI', 'Finland'),
(73, 'FR', 'France'),
(74, 'FX', 'France, Metropolitan'),
(75, 'GF', 'French Guiana'),
(76, 'PF', 'French Polynesia'),
(77, 'TF', 'French Southern Territories'),
(78, 'GA', 'Gabon'),
(79, 'GM', 'Gambia'),
(80, 'GE', 'Georgia'),
(81, 'DE', 'Germany'),
(82, 'GH', 'Ghana'),
(83, 'GI', 'Gibraltar'),
(84, 'GK', 'Guernsey'),
(85, 'GR', 'Greece'),
(86, 'GL', 'Greenland'),
(87, 'GD', 'Grenada'),
(88, 'GP', 'Guadeloupe'),
(89, 'GU', 'Guam'),
(90, 'GT', 'Guatemala'),
(91, 'GN', 'Guinea'),
(92, 'GW', 'Guinea-Bissau'),
(93, 'GY', 'Guyana'),
(94, 'HT', 'Haiti'),
(95, 'HM', 'Heard and Mc Donald Islands'),
(96, 'HN', 'Honduras'),
(97, 'HK', 'Hong Kong'),
(98, 'HU', 'Hungary'),
(99, 'IS', 'Iceland'),
(100, 'IN', 'India'),
(101, 'IM', 'Isle of Man'),
(102, 'ID', 'Indonesia'),
(103, 'IR', 'Iran (Islamic Republic of)'),
(104, 'IQ', 'Iraq'),
(105, 'IE', 'Ireland'),
(106, 'IL', 'Israel'),
(107, 'IT', 'Italy'),
(108, 'CI', 'Ivory Coast'),
(109, 'JE', 'Jersey'),
(110, 'JM', 'Jamaica'),
(111, 'JP', 'Japan'),
(112, 'JO', 'Jordan'),
(113, 'KZ', 'Kazakhstan'),
(114, 'KE', 'Kenya'),
(115, 'KI', 'Kiribati'),
(116, 'KP', 'Korea, Democratic People\'s Republic of'),
(117, 'KR', 'Korea, Republic of'),
(118, 'XK', 'Kosovo'),
(119, 'KW', 'Kuwait'),
(120, 'KG', 'Kyrgyzstan'),
(121, 'LA', 'Lao People\'s Democratic Republic'),
(122, 'LV', 'Latvia'),
(123, 'LB', 'Lebanon'),
(124, 'LS', 'Lesotho'),
(125, 'LR', 'Liberia'),
(126, 'LY', 'Libyan Arab Jamahiriya'),
(127, 'LI', 'Liechtenstein'),
(128, 'LT', 'Lithuania'),
(129, 'LU', 'Luxembourg'),
(130, 'MO', 'Macau'),
(131, 'MK', 'Macedonia'),
(132, 'MG', 'Madagascar'),
(133, 'MW', 'Malawi'),
(134, 'MY', 'Malaysia'),
(135, 'MV', 'Maldives'),
(136, 'ML', 'Mali'),
(137, 'MT', 'Malta'),
(138, 'MH', 'Marshall Islands'),
(139, 'MQ', 'Martinique'),
(140, 'MR', 'Mauritania'),
(141, 'MU', 'Mauritius'),
(142, 'TY', 'Mayotte'),
(143, 'MX', 'Mexico'),
(144, 'FM', 'Micronesia, Federated States of'),
(145, 'MD', 'Moldova, Republic of'),
(146, 'MC', 'Monaco'),
(147, 'MN', 'Mongolia'),
(148, 'ME', 'Montenegro'),
(149, 'MS', 'Montserrat'),
(150, 'MA', 'Morocco'),
(151, 'MZ', 'Mozambique'),
(152, 'MM', 'Myanmar'),
(153, 'NA', 'Namibia'),
(154, 'NR', 'Nauru'),
(155, 'NP', 'Nepal'),
(156, 'NL', 'Netherlands'),
(157, 'AN', 'Netherlands Antilles'),
(158, 'NC', 'New Caledonia'),
(159, 'NZ', 'New Zealand'),
(160, 'NI', 'Nicaragua'),
(161, 'NE', 'Niger'),
(162, 'NG', 'Nigeria'),
(163, 'NU', 'Niue'),
(164, 'NF', 'Norfolk Island'),
(165, 'MP', 'Northern Mariana Islands'),
(166, 'NO', 'Norway'),
(167, 'OM', 'Oman'),
(168, 'PK', 'Pakistan'),
(169, 'PW', 'Palau'),
(170, 'PS', 'Palestine'),
(171, 'PA', 'Panama'),
(172, 'PG', 'Papua New Guinea'),
(173, 'PY', 'Paraguay'),
(174, 'PE', 'Peru'),
(175, 'PH', 'Philippines'),
(176, 'PN', 'Pitcairn'),
(177, 'PL', 'Poland'),
(178, 'PT', 'Portugal'),
(179, 'PR', 'Puerto Rico'),
(180, 'QA', 'Qatar'),
(181, 'RE', 'Reunion'),
(182, 'RO', 'Romania'),
(183, 'RU', 'Russian Federation'),
(184, 'RW', 'Rwanda'),
(185, 'KN', 'Saint Kitts and Nevis'),
(186, 'LC', 'Saint Lucia'),
(187, 'VC', 'Saint Vincent and the Grenadines'),
(188, 'WS', 'Samoa'),
(189, 'SM', 'San Marino'),
(190, 'ST', 'Sao Tome and Principe'),
(191, 'SA', 'Saudi Arabia'),
(192, 'SN', 'Senegal'),
(193, 'RS', 'Serbia'),
(194, 'SC', 'Seychelles'),
(195, 'SL', 'Sierra Leone'),
(196, 'SG', 'Singapore'),
(197, 'SK', 'Slovakia'),
(198, 'SI', 'Slovenia'),
(199, 'SB', 'Solomon Islands'),
(200, 'SO', 'Somalia'),
(201, 'ZA', 'South Africa'),
(202, 'GS', 'South Georgia South Sandwich Islands'),
(203, 'SS', 'South Sudan'),
(204, 'ES', 'Spain'),
(205, 'LK', 'Sri Lanka'),
(206, 'SH', 'St. Helena'),
(207, 'PM', 'St. Pierre and Miquelon'),
(208, 'SD', 'Sudan'),
(209, 'SR', 'Suriname'),
(210, 'SJ', 'Svalbard and Jan Mayen Islands'),
(211, 'SZ', 'Swaziland'),
(212, 'SE', 'Sweden'),
(213, 'CH', 'Switzerland'),
(214, 'SY', 'Syrian Arab Republic'),
(215, 'TW', 'Taiwan'),
(216, 'TJ', 'Tajikistan'),
(217, 'TZ', 'Tanzania, United Republic of'),
(218, 'TH', 'Thailand'),
(219, 'TG', 'Togo'),
(220, 'TK', 'Tokelau'),
(221, 'TO', 'Tonga'),
(222, 'TT', 'Trinidad and Tobago'),
(223, 'TN', 'Tunisia'),
(224, 'TR', 'Turkey'),
(225, 'TM', 'Turkmenistan'),
(226, 'TC', 'Turks and Caicos Islands'),
(227, 'TV', 'Tuvalu'),
(228, 'UG', 'Uganda'),
(229, 'UA', 'Ukraine'),
(230, 'AE', 'United Arab Emirates'),
(231, 'GB', 'United Kingdom'),
(232, 'US', 'United States'),
(233, 'UM', 'United States minor outlying islands'),
(234, 'UY', 'Uruguay'),
(235, 'UZ', 'Uzbekistan'),
(236, 'VU', 'Vanuatu'),
(237, 'VA', 'Vatican City State'),
(238, 'VE', 'Venezuela'),
(239, 'VN', 'Vietnam'),
(240, 'VG', 'Virgin Islands (British)'),
(241, 'VI', 'Virgin Islands (U.S.)'),
(242, 'WF', 'Wallis and Futuna Islands'),
(243, 'EH', 'Western Sahara'),
(244, 'YE', 'Yemen'),
(245, 'ZR', 'Zaire'),
(246, 'ZM', 'Zambia'),
(247, 'ZW', 'Zimbabwe');

-- --------------------------------------------------------

--
-- Table structure for table `departments`
--

DROP TABLE IF EXISTS `departments`;
CREATE TABLE IF NOT EXISTS `departments` (
  `id` int(10) UNSIGNED NOT NULL AUTO_INCREMENT,
  `code` varchar(35) COLLATE utf8mb4_unicode_ci NOT NULL,
  `description` varchar(191) COLLATE utf8mb4_unicode_ci NOT NULL,
  `created_at` timestamp NULL DEFAULT NULL,
  `updated_at` timestamp NULL DEFAULT NULL,
  PRIMARY KEY (`id`)
) ENGINE=MyISAM AUTO_INCREMENT=3 DEFAULT CHARSET=utf8mb4 COLLATE=utf8mb4_unicode_ci;

--
-- Dumping data for table `departments`
--

INSERT INTO `departments` (`id`, `code`, `description`, `created_at`, `updated_at`) VALUES
(1, 'DEPARTMENT 1111', 'DEPARTMENT 1 desc', '2018-12-24 22:01:55', '2018-12-24 22:11:41'),
(2, 'DEPARTMENT 2', 'DEPARTMENT2 DESC', '2018-12-24 22:02:09', '2018-12-24 22:02:09');

-- --------------------------------------------------------

--
-- Table structure for table `disfunctions`
--

DROP TABLE IF EXISTS `disfunctions`;
CREATE TABLE IF NOT EXISTS `disfunctions` (
  `id` int(10) UNSIGNED NOT NULL AUTO_INCREMENT,
  `code` varchar(50) COLLATE utf8mb4_unicode_ci NOT NULL,
  `description` varchar(191) COLLATE utf8mb4_unicode_ci NOT NULL,
  `created_at` timestamp NULL DEFAULT NULL,
  `updated_at` timestamp NULL DEFAULT NULL,
  PRIMARY KEY (`id`)
) ENGINE=MyISAM AUTO_INCREMENT=4 DEFAULT CHARSET=utf8mb4 COLLATE=utf8mb4_unicode_ci;

--
-- Dumping data for table `disfunctions`
--

INSERT INTO `disfunctions` (`id`, `code`, `description`, `created_at`, `updated_at`) VALUES
(1, 'azerty', '123', '2018-12-24 20:59:41', '2019-01-17 23:43:44'),
(2, 'bzerty', 'FEGE', '2018-12-24 20:59:57', '2019-01-20 13:18:37'),
(3, 'czerty', 'gg', '2019-01-20 13:19:10', '2019-01-20 13:19:10');

-- --------------------------------------------------------

--
-- Table structure for table `drawings`
--

DROP TABLE IF EXISTS `drawings`;
CREATE TABLE IF NOT EXISTS `drawings` (
  `id` int(10) UNSIGNED NOT NULL AUTO_INCREMENT,
  `path` varchar(191) COLLATE utf8mb4_unicode_ci NOT NULL,
  `title` varchar(191) COLLATE utf8mb4_unicode_ci NOT NULL,
  `type` varchar(191) COLLATE utf8mb4_unicode_ci NOT NULL,
  `equipment_id` int(11) DEFAULT NULL,
  PRIMARY KEY (`id`)
) ENGINE=MyISAM AUTO_INCREMENT=9 DEFAULT CHARSET=utf8mb4 COLLATE=utf8mb4_unicode_ci;

-- --------------------------------------------------------

--
-- Table structure for table `employees`
--

DROP TABLE IF EXISTS `employees`;
CREATE TABLE IF NOT EXISTS `employees` (
  `id` int(10) UNSIGNED NOT NULL AUTO_INCREMENT,
  `code` varchar(191) COLLATE utf8mb4_unicode_ci NOT NULL,
  `name` varchar(191) COLLATE utf8mb4_unicode_ci NOT NULL,
  `nationality` varchar(191) COLLATE utf8mb4_unicode_ci NOT NULL,
  `birth_date` date NOT NULL,
  `hiring_date` date DEFAULT NULL,
  `address` varchar(191) COLLATE utf8mb4_unicode_ci NOT NULL,
  `zip_code` varchar(191) COLLATE utf8mb4_unicode_ci NOT NULL,
  `social_security_no` varchar(191) COLLATE utf8mb4_unicode_ci NOT NULL,
  `image` varchar(191) COLLATE utf8mb4_unicode_ci DEFAULT NULL,
  `created_at` timestamp NULL DEFAULT NULL,
  `updated_at` timestamp NULL DEFAULT NULL,
  `deleted_at` datetime DEFAULT NULL,
  `cin` varchar(30) COLLATE utf8mb4_unicode_ci NOT NULL,
  `phone` varchar(30) COLLATE utf8mb4_unicode_ci DEFAULT NULL,
  `jobposition_id` int(10) UNSIGNED DEFAULT NULL,
  `email` varchar(100) COLLATE utf8mb4_unicode_ci DEFAULT NULL,
  PRIMARY KEY (`id`),
  KEY `employees_jobposition_id_foreign` (`jobposition_id`)
) ENGINE=MyISAM AUTO_INCREMENT=15 DEFAULT CHARSET=utf8mb4 COLLATE=utf8mb4_unicode_ci;

--
-- Dumping data for table `employees`
--

INSERT INTO `employees` (`id`, `code`, `name`, `nationality`, `birth_date`, `hiring_date`, `address`, `zip_code`, `social_security_no`, `image`, `created_at`, `updated_at`, `deleted_at`, `cin`, `phone`, `jobposition_id`, `email`) VALUES
(2, 'AA719852', 'HAMZA ESSAADI', 'Morocco', '1992-01-01', '2020-05-01', 'mekness', '500000', '1111111111111111', '1544199608.jpg', '2018-12-06 20:30:13', '2019-03-07 19:42:17', NULL, 'EE532441', '065248484484', 3, 'hamza.essaadi2014@gmail.com'),
(3, 'CC4848A', 'ISMAIL', 'Afghanistan', '1991-12-24', '2016-12-25', 'PLACE', '4541000', '4841454841848418', NULL, '2018-12-06 20:54:59', '2019-01-14 22:27:59', NULL, 'EEKPKPERE', NULL, 3, 'ismail@gmail.com'),
(13, '000WEBHISTING', 'OUTHMAN ESSAADI', 'Morocco', '1993-05-12', '2019-02-14', '42424', '2042', '2525422452', '1550176561.jpg', '2019-02-14 19:36:01', '2019-02-27 19:02:28', NULL, 'EFEFZF', '24040', 4, 'uthman@gmail.com'),
(5, 'EE45684', 'ABDL AZIZ', 'Morocco', '1993-01-01', '2019-01-01', 'SYBA', '40000', '04848854184', '1544204361.jpg', '2018-12-07 14:38:50', '2019-02-11 16:30:06', NULL, 'EE5846416', '06548859', 2, 'zizo@gmail.com'),
(6, '01007', 'test test', 'Morocco', '2018-12-21', '2018-12-13', 'ergreg', 'rgergre', 'ggregergregerg', '1544204766.JPG', '2018-12-07 14:44:48', '2019-02-11 18:22:56', NULL, 'gergreg', 'greg', 4, 'test.trix@hotmail.com'),
(7, 'SSH15', 'HASSAN BACHGAR', 'Morocco', '1991-09-19', '2018-12-21', 'OUARZAZAT', '90000', '164994949', NULL, '2018-12-07 16:45:08', '2018-12-07 16:45:08', NULL, 'EE596599', '064884848', 3, 'hassan@gmail.com'),
(9, 'AZERTY', 'JIHANE', 'Macedonia', '1995-01-01', '2018-01-01', 'ROMBA', '60000', '12345678', '1544212718.jpg', '2018-12-07 16:57:59', '2018-12-07 16:58:38', NULL, 'EE0000', '062345566', 2, 'jihane@gmail.com'),
(11, 'fzefze', 'fzefezf', 'Morocco', '2019-02-13', '2019-02-24', '494949', '494499', '5959595294594595', NULL, '2019-02-11 16:23:34', '2019-02-27 19:03:54', '2019-02-27 20:03:54', 'efzefezfze', '595949', 5, 'soft@delete.com'),
(14, '0568D58', 'AMINE AMINE', 'Morocco', '1993-01-01', '2019-02-26', 'SYBA', '40000', '056615555', NULL, '2019-02-26 14:27:53', '2019-02-26 14:27:53', NULL, 'EEEFEG', NULL, 4, 'amine@gmail.com');

-- --------------------------------------------------------

--
-- Table structure for table `employee_tasks`
--

DROP TABLE IF EXISTS `employee_tasks`;
CREATE TABLE IF NOT EXISTS `employee_tasks` (
  `id` int(10) UNSIGNED NOT NULL AUTO_INCREMENT,
  `employee_id` int(11) NOT NULL,
  `task_id` int(11) NOT NULL,
  `status` varchar(20) COLLATE utf8mb4_unicode_ci NOT NULL DEFAULT 'pending',
  PRIMARY KEY (`id`)
) ENGINE=MyISAM AUTO_INCREMENT=14 DEFAULT CHARSET=utf8mb4 COLLATE=utf8mb4_unicode_ci;

--
-- Dumping data for table `employee_tasks`
--

INSERT INTO `employee_tasks` (`id`, `employee_id`, `task_id`, `status`) VALUES
(1, 5, 3, 'pending'),
(13, 13, 2, 'pending'),
(7, 2, 3, 'valid'),
(11, 2, 8, 'valid');

-- --------------------------------------------------------

--
-- Table structure for table `equipments`
--

DROP TABLE IF EXISTS `equipments`;
CREATE TABLE IF NOT EXISTS `equipments` (
  `id` int(10) UNSIGNED NOT NULL AUTO_INCREMENT,
  `code` varchar(191) COLLATE utf8mb4_unicode_ci NOT NULL,
  `serial_number` varchar(191) COLLATE utf8mb4_unicode_ci NOT NULL,
  `model_number` varchar(191) COLLATE utf8mb4_unicode_ci NOT NULL,
  `in_service` tinyint(1) NOT NULL,
  `purchase_date` date NOT NULL,
  `warranty_expiration_date` date NOT NULL,
  `starting_date` date NOT NULL,
  `life_time` int(10) UNSIGNED NOT NULL,
  `security_note` text COLLATE utf8mb4_unicode_ci NOT NULL,
  `location_id` int(10) UNSIGNED NOT NULL,
  `department_id` int(10) UNSIGNED NOT NULL,
  `equipment_type_id` int(10) UNSIGNED NOT NULL,
  `supplier_id` int(10) UNSIGNED NOT NULL,
  `manufacturer_id` int(10) UNSIGNED NOT NULL,
  `employee_id` int(10) UNSIGNED NOT NULL,
  `created_at` timestamp NULL DEFAULT NULL,
  `updated_at` timestamp NULL DEFAULT NULL,
  `cost` double DEFAULT NULL,
  `contract` varchar(191) COLLATE utf8mb4_unicode_ci DEFAULT NULL,
  PRIMARY KEY (`id`),
  KEY `equipments_location_id_foreign` (`location_id`),
  KEY `equipments_department_id_foreign` (`department_id`),
  KEY `equipments_equipment_type_id_foreign` (`equipment_type_id`),
  KEY `equipments_supplier_id_foreign` (`supplier_id`),
  KEY `equipments_manufacturer_id_foreign` (`manufacturer_id`),
  KEY `equipments_employee_id_foreign` (`employee_id`)
) ENGINE=MyISAM AUTO_INCREMENT=5 DEFAULT CHARSET=utf8mb4 COLLATE=utf8mb4_unicode_ci;

--
-- Dumping data for table `equipments`
--

INSERT INTO `equipments` (`id`, `code`, `serial_number`, `model_number`, `in_service`, `purchase_date`, `warranty_expiration_date`, `starting_date`, `life_time`, `security_note`, `location_id`, `department_id`, `equipment_type_id`, `supplier_id`, `manufacturer_id`, `employee_id`, `created_at`, `updated_at`, `cost`, `contract`) VALUES
(2, 'Code 2', 'Serial number 2', 'Model number2', 0, '2018-06-25', '2018-10-26', '2018-11-07', 2, 'Security note  2', 3, 2, 2, 2, 5, 3, '2018-12-27 20:41:25', '2019-02-27 19:33:46', 2000, 'CDI'),
(3, 'CODE 3', 'IY46578', 'MODEL 55', 0, '2019-01-08', '2019-01-30', '2018-01-01', 3, 'WILL SECURE', 2, 2, 2, 3, 6, 7, '2019-01-05 23:06:52', '2019-01-05 23:06:52', 98500, 'CVA'),
(4, 'printer', 'SERIAL 4', '0001', 1, '2018-01-01', '2018-01-12', '2018-03-13', 4, 'NOT SECURE ENAUGH', 1, 1, 1, 2, 5, 5, '2019-01-05 23:32:08', '2019-01-17 23:44:48', 1400, 'VVVC');

-- --------------------------------------------------------

--
-- Table structure for table `equipment_types`
--

DROP TABLE IF EXISTS `equipment_types`;
CREATE TABLE IF NOT EXISTS `equipment_types` (
  `id` int(10) UNSIGNED NOT NULL AUTO_INCREMENT,
  `code` varchar(191) COLLATE utf8mb4_unicode_ci NOT NULL,
  `description` varchar(191) COLLATE utf8mb4_unicode_ci NOT NULL,
  `created_at` timestamp NULL DEFAULT NULL,
  `updated_at` timestamp NULL DEFAULT NULL,
  PRIMARY KEY (`id`)
) ENGINE=MyISAM AUTO_INCREMENT=16 DEFAULT CHARSET=utf8mb4 COLLATE=utf8mb4_unicode_ci;

--
-- Dumping data for table `equipment_types`
--

INSERT INTO `equipment_types` (`id`, `code`, `description`, `created_at`, `updated_at`) VALUES
(1, 'type 11', 'description type 11', '2018-12-25 15:22:51', '2018-12-25 15:31:43'),
(2, 'type 12', 'description type 13', '2018-12-25 15:32:09', '2018-12-25 15:33:04');

-- --------------------------------------------------------

--
-- Table structure for table `events`
--

DROP TABLE IF EXISTS `events`;
CREATE TABLE IF NOT EXISTS `events` (
  `id` int(10) UNSIGNED NOT NULL AUTO_INCREMENT,
  `title` varchar(191) COLLATE utf8mb4_unicode_ci NOT NULL,
  `start` datetime NOT NULL,
  `end` datetime NOT NULL,
  `created_at` timestamp NULL DEFAULT NULL,
  `updated_at` timestamp NULL DEFAULT NULL,
  PRIMARY KEY (`id`)
) ENGINE=MyISAM AUTO_INCREMENT=5003 DEFAULT CHARSET=utf8mb4 COLLATE=utf8mb4_unicode_ci;

--
-- Dumping data for table `events`
--

INSERT INTO `events` (`id`, `title`, `start`, `end`, `created_at`, `updated_at`) VALUES
(1, 'birth date', '2018-12-25 16:32:09', '2018-12-25 17:32:09', NULL, NULL),
(2, 'meeting', '2018-12-25 18:32:09', '2018-12-25 21:32:09', NULL, NULL);

-- --------------------------------------------------------

--
-- Table structure for table `intervention_requests`
--

DROP TABLE IF EXISTS `intervention_requests`;
CREATE TABLE IF NOT EXISTS `intervention_requests` (
  `id` int(10) UNSIGNED NOT NULL AUTO_INCREMENT,
  `code` varchar(191) COLLATE utf8mb4_unicode_ci NOT NULL,
  `status` varchar(191) COLLATE utf8mb4_unicode_ci NOT NULL,
  `employee_id` int(10) UNSIGNED DEFAULT NULL,
  `date` date NOT NULL,
  `description` text COLLATE utf8mb4_unicode_ci NOT NULL,
  `equipment_id` int(10) UNSIGNED NOT NULL,
  `disfunction_id` int(10) UNSIGNED DEFAULT NULL,
  `action` text COLLATE utf8mb4_unicode_ci,
  `stopping_hour` datetime NOT NULL,
  `start_hour` datetime DEFAULT NULL,
  `end_hour` datetime DEFAULT NULL,
  PRIMARY KEY (`id`),
  KEY `intervention_requests_equipment_id_foreign` (`equipment_id`),
  KEY `intervention_requests_disfunction_id_foreign` (`disfunction_id`)
) ENGINE=MyISAM AUTO_INCREMENT=1005 DEFAULT CHARSET=utf8mb4 COLLATE=utf8mb4_unicode_ci;

--
-- Dumping data for table `intervention_requests`
--

INSERT INTO `intervention_requests` (`id`, `code`, `status`, `employee_id`, `date`, `description`, `equipment_id`, `disfunction_id`, `action`, `stopping_hour`, `start_hour`, `end_hour`) VALUES
(2, 'casulty', 'valid', 5, '2019-01-11', 'fall', 4, 1, 'fixed by gourps of employees', '2019-02-17 09:42:00', '2019-02-20 10:00:00', '2019-02-20 13:00:00'),
(3, 'PANE 1', 'pending', 9, '2019-01-14', 'JOINTURE 1', 3, 2, NULL, '2019-01-14 20:06:00', NULL, NULL),
(4, 'PANE 2017', 'valid', 5, '2019-01-19', 'description 0', 3, 3, 'cheking values', '2017-01-19 10:00:00', '2017-01-19 13:00:00', '2017-01-19 17:00:00'),
(5, 'PANE 1', 'pending', 5, '2019-01-19', 'description 1', 3, 2, NULL, '2019-01-19 20:22:47', NULL, NULL),
(6, 'PANE 1', 'pending', 5, '2019-01-19', 'description 2', 3, 2, NULL, '2019-01-19 20:23:47', NULL, NULL),
(7, 'PANE 1', 'pending', 2, '2019-01-19', 'description 3', 3, 2, NULL, '2019-01-19 20:24:47', NULL, NULL),
(8, 'PANE 1', 'pending', 2, '2019-01-15', 'description 4', 3, 2, NULL, '2019-01-19 20:25:47', NULL, NULL),
(9, 'PANE 1', 'valid', 2, '2019-01-20', 'description 5', 4, 2, 'c', '2019-02-14 18:26:47', '2019-02-15 11:31:00', '2019-02-15 17:31:00'),
(10, 'PANE graph', 'valid', 2, '2019-01-20', 'description 6', 4, 2, 'undifined', '2019-02-18 09:42:00', '2019-02-28 17:38:00', '2019-03-01 05:00:00'),
(1004, 'plicy', 'pending', 3, '2019-02-07', 'zfezf', 4, 2, NULL, '2019-02-27 17:47:00', NULL, NULL);

-- --------------------------------------------------------

--
-- Table structure for table `jobpositions`
--

DROP TABLE IF EXISTS `jobpositions`;
CREATE TABLE IF NOT EXISTS `jobpositions` (
  `id` int(10) UNSIGNED NOT NULL AUTO_INCREMENT,
  `code` varchar(191) COLLATE utf8mb4_unicode_ci NOT NULL,
  `description` varchar(150) COLLATE utf8mb4_unicode_ci NOT NULL,
  `created_at` timestamp NULL DEFAULT NULL,
  `updated_at` timestamp NULL DEFAULT NULL,
  PRIMARY KEY (`id`)
) ENGINE=MyISAM AUTO_INCREMENT=6 DEFAULT CHARSET=utf8mb4 COLLATE=utf8mb4_unicode_ci;

--
-- Dumping data for table `jobpositions`
--

INSERT INTO `jobpositions` (`id`, `code`, `description`, `created_at`, `updated_at`) VALUES
(2, 'its', 'TECH SUP', '2018-12-07 15:54:09', '2018-12-07 16:43:58'),
(3, 'tech', 'TECH', '2018-12-07 16:04:14', '2018-12-07 16:30:56'),
(4, 'teacher', 'elctro', '2018-12-24 20:53:56', '2018-12-24 20:53:56'),
(5, 'gerg', 'gergreg', '2018-12-24 20:55:49', '2018-12-24 20:55:49');

-- --------------------------------------------------------

--
-- Table structure for table `links`
--

DROP TABLE IF EXISTS `links`;
CREATE TABLE IF NOT EXISTS `links` (
  `id` int(10) UNSIGNED NOT NULL AUTO_INCREMENT,
  `type` varchar(191) COLLATE utf8mb4_unicode_ci NOT NULL,
  `source` int(11) NOT NULL,
  `target` int(11) NOT NULL,
  `created_at` timestamp NULL DEFAULT NULL,
  `updated_at` timestamp NULL DEFAULT NULL,
  PRIMARY KEY (`id`)
) ENGINE=MyISAM AUTO_INCREMENT=10 DEFAULT CHARSET=utf8mb4 COLLATE=utf8mb4_unicode_ci;

--
-- Dumping data for table `links`
--

INSERT INTO `links` (`id`, `type`, `source`, `target`, `created_at`, `updated_at`) VALUES
(1, '1', 3, 2, '2019-02-01 12:43:07', '2019-02-01 12:43:07'),
(2, '2', 3, 2, '2019-02-01 12:43:12', '2019-02-01 12:43:12'),
(8, '1', 9, 8, '2019-02-06 20:57:26', '2019-02-06 20:57:26'),
(7, '2', 9, 8, '2019-02-06 20:57:23', '2019-02-06 20:57:23'),
(9, '1', 1, 2, '2019-02-18 00:55:25', '2019-02-18 00:55:25');

-- --------------------------------------------------------

--
-- Table structure for table `locations`
--

DROP TABLE IF EXISTS `locations`;
CREATE TABLE IF NOT EXISTS `locations` (
  `id` int(10) UNSIGNED NOT NULL AUTO_INCREMENT,
  `code` varchar(191) COLLATE utf8mb4_unicode_ci NOT NULL,
  `description` varchar(191) COLLATE utf8mb4_unicode_ci NOT NULL,
  `created_at` timestamp NULL DEFAULT NULL,
  `updated_at` timestamp NULL DEFAULT NULL,
  PRIMARY KEY (`id`)
) ENGINE=MyISAM AUTO_INCREMENT=4 DEFAULT CHARSET=utf8mb4 COLLATE=utf8mb4_unicode_ci;

--
-- Dumping data for table `locations`
--

INSERT INTO `locations` (`id`, `code`, `description`, `created_at`, `updated_at`) VALUES
(1, 'location 1', 'grejgoerjgojerogrpgppppppp', '2018-12-15 15:57:57', '2018-12-15 16:12:03'),
(2, 'location 2', '123456789', '2018-12-15 15:59:37', '2018-12-15 16:09:04'),
(3, 'garage 15', 'desceiptio nfoejgiozjiozrjgozrg', '2018-12-15 17:19:53', '2019-01-23 00:05:25');

-- --------------------------------------------------------

--
-- Table structure for table `migrations`
--

DROP TABLE IF EXISTS `migrations`;
CREATE TABLE IF NOT EXISTS `migrations` (
  `id` int(10) UNSIGNED NOT NULL AUTO_INCREMENT,
  `migration` varchar(191) COLLATE utf8mb4_unicode_ci NOT NULL,
  `batch` int(11) NOT NULL,
  PRIMARY KEY (`id`)
) ENGINE=MyISAM AUTO_INCREMENT=89 DEFAULT CHARSET=utf8mb4 COLLATE=utf8mb4_unicode_ci;

--
-- Dumping data for table `migrations`
--

INSERT INTO `migrations` (`id`, `migration`, `batch`) VALUES
(30, '2014_10_12_000000_create_users_table', 1),
(31, '2014_10_12_100000_create_password_resets_table', 1),
(32, '2018_12_03_170008_table_employees', 1),
(33, '2018_12_03_171523_create_job_position_table', 1),
(34, '2018_12_03_172459_add_trainings_table', 1),
(35, '2018_12_03_173831_add_table_salaries', 1),
(36, '2018_12_06_010222_add_table_countries', 1),
(37, '2018_12_06_221751_add_column_deleted_at_employees', 1),
(38, '2018_12_07_170035_add_columns_cin_phone_to_employees', 1),
(39, '2018_12_07_185120_add_id_jobposition_to_employees', 1),
(40, '2018_12_07_194954_add_email_to_employees', 1),
(41, '2018_12_08_184446_add_id_employee_in_trainings', 1),
(42, '2018_12_09_190804_add_column_date_start_date_fin_to_salaries', 1),
(43, '2018_12_10_200423_add_table_workexception', 1),
(44, '2018_12_12_145849_add_providers_table', 1),
(45, '2018_12_12_150255_add_column_type_provider', 1),
(46, '2018_12_14_151452_add_table_article', 1),
(47, '2018_12_14_153052_add_provider_id_to_table_articles', 1),
(48, '2018_12_14_170217_add_table_suppliers_articles', 1),
(49, '2018_12_15_173709_add_table_locations', 1),
(50, '2018_12_15_181646_add_stocks_table', 1),
(51, '2018_12_15_183053_add_article_id_to_stocks', 1),
(52, '2018_12_17_182954_create_article_replacement', 1),
(53, '2018_12_20_212156_add_table_costs', 1),
(54, '2018_12_20_212657_create_purposes_table', 1),
(55, '2018_12_22_165320_add_command_table', 1),
(56, '2018_12_23_192010_add_status_to_commands', 1),
(57, '2018_12_24_135620_add_article_id_to_commands', 1),
(58, '2018_12_24_202624_add_disfunctions', 1),
(59, '2018_12_24_212606_add_departments', 1),
(60, '2018_12_25_160804_add_equipment_types_table', 2),
(61, '2018_12_25_214249_add_table_events', 3),
(62, '2018_12_27_133424_add_equipments_table', 4),
(65, '2018_12_28_171430_add_table_spares', 5),
(67, '2018_12_29_151144_create_payments_table', 6),
(68, '2018_12_30_155608_create_drawings_table', 7),
(69, '2018_12_30_213523_create_work_order_types_table', 8),
(71, '2019_01_02_142413_create_work_orders_table', 9),
(72, '2019_01_03_171057_create_workers_table', 10),
(73, '2019_01_04_134346_add_status_to_table_worker', 11),
(74, '2019_01_04_160356_add_employee_id_and_role_to_users', 12),
(75, '2019_01_06_001135_create_work_equipments_table', 13),
(76, '2019_01_06_151351_create_work_articles_table', 14),
(79, '2019_01_11_174837_create_intervention_requests_table', 15),
(81, '2019_01_15_165205_add_intervention_id_to_orders', 16),
(82, '2019_01_19_210702_add_relations_requests', 17),
(83, '2019_01_24_194402_create_preventive_interventions_table', 18),
(84, '2019_02_01_132332_create_tasks_table', 19),
(85, '2019_02_01_132430_create_links_table', 19),
(86, '2019_02_02_181916_create_employee_tasks_table', 20),
(87, '2019_02_07_195201_create_reports_table', 21),
(88, '2019_02_14_154552_add_supply_point_to_articles', 22);

-- --------------------------------------------------------

--
-- Table structure for table `password_resets`
--

DROP TABLE IF EXISTS `password_resets`;
CREATE TABLE IF NOT EXISTS `password_resets` (
  `email` varchar(191) COLLATE utf8mb4_unicode_ci NOT NULL,
  `token` varchar(191) COLLATE utf8mb4_unicode_ci NOT NULL,
  `created_at` timestamp NULL DEFAULT NULL,
  KEY `password_resets_email_index` (`email`)
) ENGINE=MyISAM DEFAULT CHARSET=utf8mb4 COLLATE=utf8mb4_unicode_ci;

-- --------------------------------------------------------

--
-- Table structure for table `payments`
--

DROP TABLE IF EXISTS `payments`;
CREATE TABLE IF NOT EXISTS `payments` (
  `id` int(10) UNSIGNED NOT NULL AUTO_INCREMENT,
  `amount` double NOT NULL,
  `date` date NOT NULL,
  `method` varchar(191) COLLATE utf8mb4_unicode_ci DEFAULT NULL,
  `equipment_id` int(10) UNSIGNED DEFAULT NULL,
  `created_at` timestamp NULL DEFAULT NULL,
  `updated_at` timestamp NULL DEFAULT NULL,
  PRIMARY KEY (`id`),
  KEY `payments_equipment_id_foreign` (`equipment_id`)
) ENGINE=MyISAM AUTO_INCREMENT=30 DEFAULT CHARSET=utf8mb4 COLLATE=utf8mb4_unicode_ci;

--
-- Dumping data for table `payments`
--

INSERT INTO `payments` (`id`, `amount`, `date`, `method`, `equipment_id`, `created_at`, `updated_at`) VALUES
(29, 450, '2019-01-03', 'f', 2, '2019-01-15 22:27:13', '2019-01-15 22:27:13');

-- --------------------------------------------------------

--
-- Table structure for table `preventive_interventions`
--

DROP TABLE IF EXISTS `preventive_interventions`;
CREATE TABLE IF NOT EXISTS `preventive_interventions` (
  `id` int(10) UNSIGNED NOT NULL AUTO_INCREMENT,
  `status` varchar(10) COLLATE utf8mb4_unicode_ci NOT NULL,
  `description` text COLLATE utf8mb4_unicode_ci NOT NULL,
  `intervention_start` datetime NOT NULL,
  `intervention_end` datetime NOT NULL,
  `employee_id` int(10) UNSIGNED NOT NULL,
  `equipment_id` int(10) UNSIGNED NOT NULL,
  PRIMARY KEY (`id`)
) ENGINE=MyISAM AUTO_INCREMENT=6 DEFAULT CHARSET=utf8mb4 COLLATE=utf8mb4_unicode_ci;

--
-- Dumping data for table `preventive_interventions`
--

INSERT INTO `preventive_interventions` (`id`, `status`, `description`, `intervention_start`, `intervention_end`, `employee_id`, `equipment_id`) VALUES
(3, 'completed', 'changed', '2019-01-28 22:47:00', '2019-01-29 22:47:00', 3, 3),
(4, 'completed', 'chi haj iojzioej fiozehjfjeoz jhiofhzeoijfiohzeiodjzeo fizehfiozjd iohfizhjd iozhfzioejdi hfiozejf zofhzieohfiozefj ihfeiozfhz', '2019-01-20 12:24:00', '2019-01-22 01:24:00', 3, 2);

-- --------------------------------------------------------

--
-- Table structure for table `providers`
--

DROP TABLE IF EXISTS `providers`;
CREATE TABLE IF NOT EXISTS `providers` (
  `id` int(10) UNSIGNED NOT NULL AUTO_INCREMENT,
  `code` varchar(191) COLLATE utf8mb4_unicode_ci NOT NULL,
  `name` varchar(191) COLLATE utf8mb4_unicode_ci NOT NULL,
  `country` varchar(191) COLLATE utf8mb4_unicode_ci NOT NULL,
  `city` varchar(191) COLLATE utf8mb4_unicode_ci NOT NULL,
  `zip_code` varchar(191) COLLATE utf8mb4_unicode_ci NOT NULL,
  `phone` varchar(191) COLLATE utf8mb4_unicode_ci NOT NULL,
  `address` varchar(191) COLLATE utf8mb4_unicode_ci NOT NULL,
  `fax` varchar(191) COLLATE utf8mb4_unicode_ci DEFAULT NULL,
  `email` varchar(191) COLLATE utf8mb4_unicode_ci DEFAULT NULL,
  `web_site` varchar(191) COLLATE utf8mb4_unicode_ci DEFAULT NULL,
  `director` varchar(191) COLLATE utf8mb4_unicode_ci NOT NULL,
  `created_at` timestamp NULL DEFAULT NULL,
  `updated_at` timestamp NULL DEFAULT NULL,
  `type` varchar(30) COLLATE utf8mb4_unicode_ci NOT NULL,
  PRIMARY KEY (`id`)
) ENGINE=MyISAM AUTO_INCREMENT=8 DEFAULT CHARSET=utf8mb4 COLLATE=utf8mb4_unicode_ci;

--
-- Dumping data for table `providers`
--

INSERT INTO `providers` (`id`, `code`, `name`, `country`, `city`, `zip_code`, `phone`, `address`, `fax`, `email`, `web_site`, `director`, `created_at`, `updated_at`, `type`) VALUES
(2, 'supplier 1', '1', 'Albania', '1', '1', '1', '1', '1', '1@outlook.com', '1', '1', '2018-12-12 14:25:51', '2018-12-12 19:59:54', 'supplier'),
(3, 'supplier 2', 'HAMZA', 'Malawi', 'CI', '54600', '0623458015', 'MADINA', '4157979', 'HAMZA@GMAIL.COM', 'WWW.GOOGLE.COM', 'ADNAN', '2018-12-12 14:31:55', '2018-12-12 14:31:55', 'supplier'),
(4, 'supplier 3', 'GEZF', 'Morocco', 'FZEF', 'FZEF', '06489294', 'FZEFZE', 'FZEFZE', 'j@gmail.com', 'ZFEZ', 'FZEFEZF', '2018-12-12 14:33:26', '2018-12-12 14:33:26', 'supplier'),
(5, 'Manufacturer dell', 'Manufacturer', 'France', 'Manufacturer', 'Manufacturer', 'Manufacturer', 'Manufacturer', 'Manufacturer', 'Manufacturer@gmail.com', 'www.Manufacturer', 'Manufacturer', '2018-12-12 14:42:45', '2019-01-23 00:03:43', 'manufacturer'),
(6, 'TKHEB9A', 'GREOGJRO', 'Morocco', 'FEOFJEZO', 'FJEOFJOA', 'FEJOFJO', 'FJEOFJEOJ', 'FEJOFJEOJF', 'FEJOF@GMAIL.COM', 'WEB', 'FEFGGRGREG', '2018-12-14 14:05:57', '2018-12-14 14:05:57', 'manufacturer'),
(7, 'chart manu', 'fjeojfoef', 'Morocco', 'makness', '469000', '059595959', 'fefzefezfze', '454648518548', 'k@gmail.com', NULL, 'ossama', '2019-02-09 19:32:38', '2019-02-09 19:32:38', 'manufacturer');

-- --------------------------------------------------------

--
-- Table structure for table `purposes`
--

DROP TABLE IF EXISTS `purposes`;
CREATE TABLE IF NOT EXISTS `purposes` (
  `id` int(10) UNSIGNED NOT NULL AUTO_INCREMENT,
  `usage_note` varchar(191) COLLATE utf8mb4_unicode_ci NOT NULL,
  `article_id` int(11) DEFAULT NULL,
  `created_at` timestamp NULL DEFAULT NULL,
  `updated_at` timestamp NULL DEFAULT NULL,
  PRIMARY KEY (`id`),
  KEY `purposes_article_id_foreign` (`article_id`)
) ENGINE=MyISAM AUTO_INCREMENT=12 DEFAULT CHARSET=utf8mb4 COLLATE=utf8mb4_unicode_ci;

--
-- Dumping data for table `purposes`
--

INSERT INTO `purposes` (`id`, `usage_note`, `article_id`, `created_at`, `updated_at`) VALUES
(7, 'yj  jtyj', 2, '2018-12-20 21:22:09', '2018-12-20 21:22:09'),
(6, 'gjozj oifjzeio jiozgjhiohzeiofh iozf', 2, '2018-12-20 21:21:29', '2018-12-20 21:21:29'),
(8, 'jytj tyj', 2, '2018-12-20 21:22:12', '2018-12-20 21:22:12'),
(9, 'jtyj ty', 2, '2018-12-20 21:22:14', '2018-12-20 21:22:14');

-- --------------------------------------------------------

--
-- Table structure for table `replacement_articles`
--

DROP TABLE IF EXISTS `replacement_articles`;
CREATE TABLE IF NOT EXISTS `replacement_articles` (
  `id` int(10) UNSIGNED NOT NULL AUTO_INCREMENT,
  `article_id` int(10) UNSIGNED NOT NULL,
  `replacement_id` int(10) UNSIGNED NOT NULL,
  `created_at` timestamp NULL DEFAULT NULL,
  `updated_at` timestamp NULL DEFAULT NULL,
  PRIMARY KEY (`id`)
) ENGINE=MyISAM AUTO_INCREMENT=28 DEFAULT CHARSET=utf8mb4 COLLATE=utf8mb4_unicode_ci;

--
-- Dumping data for table `replacement_articles`
--

INSERT INTO `replacement_articles` (`id`, `article_id`, `replacement_id`, `created_at`, `updated_at`) VALUES
(1, 2, 4, NULL, NULL),
(2, 2, 5, NULL, NULL),
(6, 4, 6, NULL, NULL),
(7, 5, 6, '2018-12-17 20:06:41', '2018-12-17 20:06:41'),
(12, 2, 6, '2018-12-17 20:15:48', '2018-12-17 20:15:48'),
(27, 6, 2, '2018-12-28 21:09:16', '2018-12-28 21:09:16');

-- --------------------------------------------------------

--
-- Table structure for table `reports`
--

DROP TABLE IF EXISTS `reports`;
CREATE TABLE IF NOT EXISTS `reports` (
  `id` int(10) UNSIGNED NOT NULL AUTO_INCREMENT,
  `name` varchar(191) COLLATE utf8mb4_unicode_ci NOT NULL,
  `description` varchar(191) COLLATE utf8mb4_unicode_ci NOT NULL,
  `from` int(11) NOT NULL,
  `to` int(11) NOT NULL,
  `path` varchar(191) COLLATE utf8mb4_unicode_ci NOT NULL,
  `created_at` timestamp NULL DEFAULT NULL,
  `updated_at` timestamp NULL DEFAULT NULL,
  PRIMARY KEY (`id`)
) ENGINE=MyISAM AUTO_INCREMENT=13 DEFAULT CHARSET=utf8mb4 COLLATE=utf8mb4_unicode_ci;

--
-- Dumping data for table `reports`
--

INSERT INTO `reports` (`id`, `name`, `description`, `from`, `to`, `path`, `created_at`, `updated_at`) VALUES
(8, '12', 'fefef', 0, 6, '1549912871.xlsx', '2019-02-11 18:21:11', '2019-02-11 18:21:11'),
(6, 'fzaf', 'fzefze', 0, 7, '1549575817.xlsx', '2019-02-07 20:43:37', '2019-02-07 20:43:37'),
(9, 'd', 'zdz', 0, 0, '1550184338.xlsx', '2019-02-14 21:45:38', '2019-02-14 21:45:38'),
(12, 'word cv 2019', 'cv 2019', 5, 0, '1552488007.doc', '2019-03-13 13:40:07', '2019-03-13 13:40:07');

-- --------------------------------------------------------

--
-- Table structure for table `salaries`
--

DROP TABLE IF EXISTS `salaries`;
CREATE TABLE IF NOT EXISTS `salaries` (
  `id` int(10) UNSIGNED NOT NULL AUTO_INCREMENT,
  `type` varchar(191) COLLATE utf8mb4_unicode_ci NOT NULL,
  `amount` double NOT NULL,
  `created_at` timestamp NULL DEFAULT NULL,
  `updated_at` timestamp NULL DEFAULT NULL,
  `start_date` datetime DEFAULT NULL,
  `end_date` datetime DEFAULT NULL,
  `payment_date` datetime DEFAULT NULL,
  `employee_id` int(10) UNSIGNED DEFAULT NULL,
  PRIMARY KEY (`id`),
  KEY `salaries_employee_id_foreign` (`employee_id`)
) ENGINE=MyISAM AUTO_INCREMENT=12 DEFAULT CHARSET=utf8mb4 COLLATE=utf8mb4_unicode_ci;

--
-- Dumping data for table `salaries`
--

INSERT INTO `salaries` (`id`, `type`, `amount`, `created_at`, `updated_at`, `start_date`, `end_date`, `payment_date`, `employee_id`) VALUES
(5, 'DD5520', 6000, '2018-12-09 17:53:23', '2019-01-09 17:06:20', '2018-11-01 08:30:00', '2018-12-01 17:52:00', '2018-12-30 00:00:00', 2),
(7, 'prime', 2500, '2018-12-09 18:05:45', '2018-12-09 19:59:29', '2018-12-09 22:05:00', '2018-12-30 22:05:00', '2018-12-29 00:00:00', 2),
(8, 'GIFT', 4000.5, '2018-12-09 20:18:50', '2018-12-09 20:18:50', '2018-02-10 00:18:00', '2018-03-10 00:18:00', '2018-12-10 00:00:00', 2),
(10, '3otla', 6000, '2018-12-24 20:53:12', '2019-01-09 17:07:25', '2018-12-24 22:52:00', '2019-01-21 00:00:00', '2019-01-30 00:00:00', 2);

-- --------------------------------------------------------

--
-- Table structure for table `spares`
--

DROP TABLE IF EXISTS `spares`;
CREATE TABLE IF NOT EXISTS `spares` (
  `id` int(10) UNSIGNED NOT NULL AUTO_INCREMENT,
  `equipment_id` int(10) UNSIGNED NOT NULL,
  `article_id` int(10) UNSIGNED NOT NULL,
  PRIMARY KEY (`id`),
  KEY `spares_equipment_id_foreign` (`equipment_id`),
  KEY `spares_article_id_foreign` (`article_id`)
) ENGINE=MyISAM AUTO_INCREMENT=18 DEFAULT CHARSET=utf8mb4 COLLATE=utf8mb4_unicode_ci;

--
-- Dumping data for table `spares`
--

INSERT INTO `spares` (`id`, `equipment_id`, `article_id`) VALUES
(11, 2, 2);

-- --------------------------------------------------------

--
-- Table structure for table `stocks`
--

DROP TABLE IF EXISTS `stocks`;
CREATE TABLE IF NOT EXISTS `stocks` (
  `id` int(10) UNSIGNED NOT NULL AUTO_INCREMENT,
  `site` varchar(191) COLLATE utf8mb4_unicode_ci NOT NULL,
  `location_id` int(10) UNSIGNED NOT NULL,
  `qte` int(10) UNSIGNED NOT NULL,
  `created_at` timestamp NULL DEFAULT NULL,
  `updated_at` timestamp NULL DEFAULT NULL,
  `article_id` int(10) UNSIGNED NOT NULL,
  PRIMARY KEY (`id`),
  KEY `stocks_location_id_foreign` (`location_id`),
  KEY `stocks_article_id_foreign` (`article_id`)
) ENGINE=MyISAM AUTO_INCREMENT=32 DEFAULT CHARSET=utf8mb4 COLLATE=utf8mb4_unicode_ci;

--
-- Dumping data for table `stocks`
--

INSERT INTO `stocks` (`id`, `site`, `location_id`, `qte`, `created_at`, `updated_at`, `article_id`) VALUES
(20, 'agadir', 3, 5, '2018-12-20 12:44:27', '2019-02-09 16:06:28', 4),
(24, 'casa', 3, 125, '2018-12-21 18:49:30', '2018-12-24 20:57:26', 6),
(29, 'ourika', 2, 99, '2018-12-22 21:59:46', '2018-12-24 20:57:54', 6),
(30, 'casa', 1, 51, '2018-12-24 20:58:17', '2019-02-17 17:53:09', 6),
(31, 'test', 1, 25, '2019-03-25 17:32:28', '2019-03-25 17:32:28', 7);

-- --------------------------------------------------------

--
-- Table structure for table `suppliers_articles`
--

DROP TABLE IF EXISTS `suppliers_articles`;
CREATE TABLE IF NOT EXISTS `suppliers_articles` (
  `id` int(10) UNSIGNED NOT NULL AUTO_INCREMENT,
  `supplier_id` int(10) UNSIGNED DEFAULT NULL,
  `article_id` int(10) UNSIGNED DEFAULT NULL,
  `created_at` timestamp NULL DEFAULT NULL,
  `updated_at` timestamp NULL DEFAULT NULL,
  PRIMARY KEY (`id`),
  KEY `suppliers_articles_supplier_id_foreign` (`supplier_id`),
  KEY `suppliers_articles_article_id_foreign` (`article_id`)
) ENGINE=MyISAM AUTO_INCREMENT=36 DEFAULT CHARSET=utf8mb4 COLLATE=utf8mb4_unicode_ci;

--
-- Dumping data for table `suppliers_articles`
--

INSERT INTO `suppliers_articles` (`id`, `supplier_id`, `article_id`, `created_at`, `updated_at`) VALUES
(31, 4, 6, '2018-12-19 20:10:37', '2018-12-19 20:10:37'),
(21, 4, 4, '2018-12-15 17:14:52', '2018-12-15 17:14:52'),
(33, 2, 6, '2018-12-20 21:23:14', '2018-12-20 21:23:14'),
(17, 4, 2, '2018-12-14 22:23:37', '2018-12-14 22:23:37'),
(35, 3, 6, '2019-01-05 19:42:36', '2019-01-05 19:42:36');

-- --------------------------------------------------------

--
-- Table structure for table `tasks`
--

DROP TABLE IF EXISTS `tasks`;
CREATE TABLE IF NOT EXISTS `tasks` (
  `id` int(10) UNSIGNED NOT NULL AUTO_INCREMENT,
  `text` varchar(191) COLLATE utf8mb4_unicode_ci NOT NULL,
  `duration` int(11) NOT NULL,
  `progress` double(8,2) NOT NULL,
  `start_date` datetime NOT NULL,
  `parent` int(11) NOT NULL,
  `sortorder` int(11) NOT NULL DEFAULT '0',
  `created_at` timestamp NULL DEFAULT NULL,
  `updated_at` timestamp NULL DEFAULT NULL,
  PRIMARY KEY (`id`)
) ENGINE=MyISAM AUTO_INCREMENT=12 DEFAULT CHARSET=utf8mb4 COLLATE=utf8mb4_unicode_ci;

--
-- Dumping data for table `tasks`
--

INSERT INTO `tasks` (`id`, `text`, `duration`, `progress`, `start_date`, `parent`, `sortorder`, `created_at`, `updated_at`) VALUES
(1, 'New task', 7, 0.00, '2019-02-02 00:00:00', 0, 3, '2019-02-01 12:41:44', '2019-02-02 15:33:16'),
(2, 'tas 1', 4, 0.00, '2019-02-03 00:00:00', 1, 12, '2019-02-01 12:41:57', '2019-02-02 21:22:11'),
(3, 'task 2', 2, 1.00, '2019-02-04 00:00:00', 1, 11, '2019-02-01 12:42:06', '2019-02-02 21:22:23'),
(7, 'brojet', 8, 0.00, '2019-02-03 00:00:00', 0, 13, '2019-02-02 16:29:14', '2019-02-22 14:28:41'),
(8, 'ts 1', 3, 0.00, '2019-02-03 00:00:00', 7, 14, '2019-02-02 16:33:00', '2019-02-22 14:28:42'),
(9, 'ts 2', 4, 0.00, '2019-02-04 00:00:00', 7, 15, '2019-02-02 16:33:09', '2019-02-22 14:28:45');

-- --------------------------------------------------------

--
-- Table structure for table `trainings`
--

DROP TABLE IF EXISTS `trainings`;
CREATE TABLE IF NOT EXISTS `trainings` (
  `id` int(10) UNSIGNED NOT NULL AUTO_INCREMENT,
  `title` varchar(150) COLLATE utf8mb4_unicode_ci NOT NULL,
  `description` varchar(300) COLLATE utf8mb4_unicode_ci NOT NULL,
  `date_start` date NOT NULL,
  `date_end` date NOT NULL,
  `note` varchar(191) COLLATE utf8mb4_unicode_ci NOT NULL,
  `created_at` timestamp NULL DEFAULT NULL,
  `updated_at` timestamp NULL DEFAULT NULL,
  `employee_id` int(10) UNSIGNED DEFAULT NULL,
  PRIMARY KEY (`id`),
  KEY `trainings_employee_id_foreign` (`employee_id`)
) ENGINE=MyISAM AUTO_INCREMENT=10 DEFAULT CHARSET=utf8mb4 COLLATE=utf8mb4_unicode_ci;

--
-- Dumping data for table `trainings`
--

INSERT INTO `trainings` (`id`, `title`, `description`, `date_start`, `date_end`, `note`, `created_at`, `updated_at`, `employee_id`) VALUES
(2, 'PHP 7.3', 'GREATE LANGUAGE TO MAKE APPLICATIONS  GREATE LANGUAGE TO MAKE APPLICATIONS', '2016-02-01', '2017-03-02', 'GOOD LANGUAGE!', '2018-12-08 17:23:59', '2018-12-09 14:20:02', 2),
(3, 'SYSTEM OS', 'WINDOWS XP.7.8.8..1.10', '2005-01-01', '2018-12-29', 'coool', '2018-12-08 20:11:22', '2018-12-08 20:11:22', 2),
(4, 'MVC', 'FRAME WORK FRAME WORKFRAME WORKFRAME WORK FRAME WORKFRAME WORK FRAME WORKV FRAME WORK FRAME WORK FRAME WORK FRAME WORK FRAME WORK', '2015-01-01', '2015-02-02', 'BEST ONE', '2018-12-08 20:22:03', '2018-12-08 20:22:03', 2),
(5, 'DATABASE', 'MERISE ORRACL DB MERISE ORRACL DB MERISE ORRACL DB MERISE ORRACL DB MERISE ORRACL DB MERISE ORRACL DB MERISE ORRACL DB MERISE ORRACL DB MERISE ORRACL DB MERISE ORRACL DB MERISE ORRACL DB MERISE ORRACL DB', '2018-12-10', '2018-12-30', 'SGBD', '2018-12-08 20:23:17', '2018-12-08 20:23:17', 2),
(8, 'hrhrt', 'greger', '1991-01-01', '2018-12-26', 'jgjtjt', '2018-12-08 20:44:04', '2018-12-08 20:44:04', 9);

-- --------------------------------------------------------

--
-- Table structure for table `users`
--

DROP TABLE IF EXISTS `users`;
CREATE TABLE IF NOT EXISTS `users` (
  `id` int(10) UNSIGNED NOT NULL AUTO_INCREMENT,
  `name` varchar(191) COLLATE utf8mb4_unicode_ci NOT NULL,
  `email` varchar(191) COLLATE utf8mb4_unicode_ci NOT NULL,
  `email_verified_at` timestamp NULL DEFAULT NULL,
  `password` varchar(191) COLLATE utf8mb4_unicode_ci NOT NULL,
  `remember_token` varchar(100) COLLATE utf8mb4_unicode_ci DEFAULT NULL,
  `created_at` timestamp NULL DEFAULT NULL,
  `updated_at` timestamp NULL DEFAULT NULL,
  `role` varchar(50) COLLATE utf8mb4_unicode_ci DEFAULT NULL,
  `employee_id` int(10) UNSIGNED DEFAULT NULL,
  PRIMARY KEY (`id`),
  UNIQUE KEY `users_email_unique` (`email`)
) ENGINE=MyISAM AUTO_INCREMENT=21 DEFAULT CHARSET=utf8mb4 COLLATE=utf8mb4_unicode_ci;

--
-- Dumping data for table `users`
--

INSERT INTO `users` (`id`, `name`, `email`, `email_verified_at`, `password`, `remember_token`, `created_at`, `updated_at`, `role`, `employee_id`) VALUES
(1, 'alex bill', 'hamzatrix2@gmail.com', NULL, '$2y$10$WrsVysypn3j6KHkysKDifeOzkSmgd5uuwlRqjSv.SWoqnoctWGrn2', 'CYrjSz0si8D6bh9xa4BqMPpaeovSa7Eod6SM6obOu8x1qz1ldqMyjkdDA8ML', '2018-12-05 18:48:05', '2019-03-07 20:01:46', 'super_admin', NULL),
(2, 'HAMZA ESSAADI', 'hamza.essaadi2014@gmail.com', NULL, '$2y$10$818JENBh5aJTa.Gnp9V4Se9mZWD8.OsHoNsgz9k8dZiRilGGRDqwS', 'hjLQkccTlUgdDXjmfeY6S6kLDM003fYNbHsWXWLaEGIa4SjqNz89O34ukHqt', '2019-01-04 15:29:15', '2019-03-07 19:46:38', 'rh_manager', 2),
(5, 'JIHANE', 'jihane@gmail.com', NULL, '$2y$10$Q2RtSONxnhGAlyLq57ePAeOuIsicsiP1PXdiICfwYW6.FNM86VnMa', 'SlSmVkDkDGN77Uz8ISwa7MbUQE17FoUywDuF4Fguy5jqErOx9KP6CSuuuxxN', '2019-01-04 20:44:43', '2019-01-17 21:39:28', 'stock_manager', 9),
(6, 'ISMAIL', 'ismail@gmail.com', NULL, '$2y$10$.k3c/pMX4F/GHAG0v9AAZ.wdDJRzo2DOBeS0NsSaXH9US0hpBf7Uq', '2sRQl4W0fyx8vxBYpd9JZqVEfESiTlNwAJ0cfyoJQ0New24zh1jEnSH4KYPC', '2019-01-04 20:47:23', '2019-01-17 20:31:47', 'maintenance_manager', 3),
(11, 'ABDL AZIZ', 'zizo@gmail.com', NULL, '$2y$10$H/VbkmfqhzO1Sw4SsCRXgelSf0adyjOkVLkRlJQuQMVQUJny.2bO6', 'vULiYyVia0udGh844d7c3uiuhqUhHnlpnVlpalymQybXoYwB4lLDcgHf4V5e', '2019-02-11 16:30:43', '2019-02-11 16:30:43', 'average_user', 5),
(9, 'HASSAN BACHGAR', 'hassan@gmail.com', NULL, '$2y$10$a5e2ZQ4yUE.v7tBeYoCzJOc.OdHrQZOk7Epe52J3SOoFwfKEdINui', 'd5cMuiyfE2ktuNIoz6CjOC8G2aj5d1ywHEqWibn4T0T1HJbaAeb6yuX7g8nF', '2019-02-06 20:55:15', '2019-02-06 20:55:15', 'project_manager', 7),
(13, 'test test', 'test.trix@hotmail.com', NULL, '$2y$10$WwBwOsWyYHenwA/lNPjMkuYXl07CFvQioYy21H.SLT3tNt7mhKjpK', 'h659Y4djs768i0F4F75ZiZwKb42nfWhDpwTGmwr3h8AL7L8mFWsvqb6EewIg', '2019-02-11 18:11:12', '2019-02-11 18:11:12', 'rh_manager', 6),
(15, 'OUTHMAN ESSAADI', 'uthman@gmail.com', NULL, '$2y$10$SJ8bYt0Ni5DRAk.iIbG/Q.9VghVczY7orEOJTDjQ6vxZZmtKIomLi', NULL, '2019-02-26 00:51:00', '2019-02-26 00:51:00', 'average_user', 13),
(20, 'AMINE AMINE', 'amine@gmail.com', NULL, '$2y$10$iaGodgvB5cit66DdM7QkH.wZotlsVL7GNT2PYRMkdG300B.56RLHO', NULL, '2019-03-07 19:32:25', '2019-03-07 19:32:25', 'rh_manager', 14);

-- --------------------------------------------------------

--
-- Table structure for table `workers`
--

DROP TABLE IF EXISTS `workers`;
CREATE TABLE IF NOT EXISTS `workers` (
  `id` int(10) UNSIGNED NOT NULL AUTO_INCREMENT,
  `work_order_id` int(10) UNSIGNED NOT NULL,
  `employee_id` int(10) UNSIGNED NOT NULL,
  `status` varchar(12) COLLATE utf8mb4_unicode_ci NOT NULL,
  PRIMARY KEY (`id`)
) ENGINE=MyISAM AUTO_INCREMENT=46 DEFAULT CHARSET=utf8mb4 COLLATE=utf8mb4_unicode_ci;

--
-- Dumping data for table `workers`
--

INSERT INTO `workers` (`id`, `work_order_id`, `employee_id`, `status`) VALUES
(20, 1, 5, 'valid'),
(38, 4, 9, 'pending'),
(39, 7, 2, 'valid'),
(23, 1, 3, 'valid'),
(26, 1, 2, 'valid'),
(37, 1, 9, 'valid'),
(45, 16, 11, 'pending'),
(43, 13, 3, 'valid');

-- --------------------------------------------------------

--
-- Table structure for table `workexceptions`
--

DROP TABLE IF EXISTS `workexceptions`;
CREATE TABLE IF NOT EXISTS `workexceptions` (
  `id` int(10) UNSIGNED NOT NULL AUTO_INCREMENT,
  `exception` varchar(191) COLLATE utf8mb4_unicode_ci NOT NULL,
  `begin_date` varchar(191) COLLATE utf8mb4_unicode_ci NOT NULL,
  `end_date` varchar(191) COLLATE utf8mb4_unicode_ci NOT NULL,
  `employee_id` int(10) UNSIGNED NOT NULL,
  `created_at` timestamp NULL DEFAULT NULL,
  `updated_at` timestamp NULL DEFAULT NULL,
  PRIMARY KEY (`id`),
  KEY `workexceptions_employee_id_foreign` (`employee_id`)
) ENGINE=MyISAM AUTO_INCREMENT=20 DEFAULT CHARSET=utf8mb4 COLLATE=utf8mb4_unicode_ci;

--
-- Dumping data for table `workexceptions`
--

INSERT INTO `workexceptions` (`id`, `exception`, `begin_date`, `end_date`, `employee_id`, `created_at`, `updated_at`) VALUES
(15, 'test', '2017/01/01 18:32', '2017/01/09 19:45', 2, '2019-01-09 16:32:54', '2019-01-09 16:43:40'),
(12, 'cong', '2018/12/10 08:45', '2018/12/15 12:00', 2, '2018-12-10 20:01:15', '2019-01-09 16:57:40'),
(14, 'urgent', '2018/12/10 18:31', '2019/01/09 16:00', 2, '2019-01-09 16:31:45', '2019-01-09 16:59:26'),
(16, 'test3', '2017/01/01 20:30', '2019/02/05 18:35', 2, '2019-01-09 16:35:06', '2019-01-09 16:36:34'),
(17, 'jhjhj', '2019/01/15 20:31', '2019/01/23 18:37', 2, '2019-01-09 16:37:19', '2019-01-09 16:40:27'),
(19, 'ma9lob', '2019/01/02 14:15', '2019/03/04 15:30', 2, '2019-03-19 12:58:07', '2019-03-19 12:58:07');

-- --------------------------------------------------------

--
-- Table structure for table `work_articles`
--

DROP TABLE IF EXISTS `work_articles`;
CREATE TABLE IF NOT EXISTS `work_articles` (
  `id` int(10) UNSIGNED NOT NULL AUTO_INCREMENT,
  `work_order_id` int(10) UNSIGNED NOT NULL,
  `article_id` int(10) UNSIGNED NOT NULL,
  PRIMARY KEY (`id`)
) ENGINE=MyISAM AUTO_INCREMENT=22 DEFAULT CHARSET=utf8mb4 COLLATE=utf8mb4_unicode_ci;

--
-- Dumping data for table `work_articles`
--

INSERT INTO `work_articles` (`id`, `work_order_id`, `article_id`) VALUES
(10, 4, 4),
(21, 7, 2),
(9, 4, 2),
(20, 1, 4);

-- --------------------------------------------------------

--
-- Table structure for table `work_equipments`
--

DROP TABLE IF EXISTS `work_equipments`;
CREATE TABLE IF NOT EXISTS `work_equipments` (
  `id` int(10) UNSIGNED NOT NULL AUTO_INCREMENT,
  `work_order_id` int(10) UNSIGNED NOT NULL,
  `equipment_id` int(10) UNSIGNED NOT NULL,
  PRIMARY KEY (`id`)
) ENGINE=MyISAM AUTO_INCREMENT=18 DEFAULT CHARSET=utf8mb4 COLLATE=utf8mb4_unicode_ci;

--
-- Dumping data for table `work_equipments`
--

INSERT INTO `work_equipments` (`id`, `work_order_id`, `equipment_id`) VALUES
(8, 4, 3),
(9, 4, 4),
(7, 4, 2),
(10, 1, 2),
(17, 1, 3),
(16, 7, 2);

-- --------------------------------------------------------

--
-- Table structure for table `work_orders`
--

DROP TABLE IF EXISTS `work_orders`;
CREATE TABLE IF NOT EXISTS `work_orders` (
  `id` int(10) UNSIGNED NOT NULL AUTO_INCREMENT,
  `code` varchar(191) COLLATE utf8mb4_unicode_ci NOT NULL,
  `description` text COLLATE utf8mb4_unicode_ci NOT NULL,
  `demand_at` date NOT NULL,
  `employee_id` int(10) UNSIGNED NOT NULL,
  `work_order_type_id` int(10) UNSIGNED NOT NULL,
  `billable` tinyint(1) NOT NULL,
  `cost` double NOT NULL,
  `status` varchar(50) COLLATE utf8mb4_unicode_ci NOT NULL,
  `created_at` timestamp NULL DEFAULT NULL,
  `updated_at` timestamp NULL DEFAULT NULL,
  `intervention_request_id` int(10) UNSIGNED DEFAULT NULL,
  PRIMARY KEY (`id`),
  KEY `work_orders_employee_id_foreign` (`employee_id`),
  KEY `work_orders_work_order_type_id_foreign` (`work_order_type_id`)
) ENGINE=MyISAM AUTO_INCREMENT=17 DEFAULT CHARSET=utf8mb4 COLLATE=utf8mb4_unicode_ci;

--
-- Dumping data for table `work_orders`
--

INSERT INTO `work_orders` (`id`, `code`, `description`, `demand_at`, `employee_id`, `work_order_type_id`, `billable`, `cost`, `status`, `created_at`, `updated_at`, `intervention_request_id`) VALUES
(1, 'CODE30 111', 'DESCRIPION LGRGKPERJKGPOREGJPOERGEG  111111', '2018-02-25', 2, 1, 0, 50000, 'valid', '2019-01-02 14:43:04', '2019-02-11 16:39:25', NULL),
(4, 'ii', 'llllll', '2010-12-01', 2, 2, 1, 1200, 'pending', '2019-01-02 20:10:06', '2019-02-03 17:42:22', NULL),
(7, 'code 4', 'description 4', '2019-01-01', 9, 2, 0, 6300, 'valid', '2019-01-09 16:08:26', '2019-01-20 14:30:05', NULL),
(16, 'soft', 'fekozfojfoze', '2019-02-11', 6, 2, 1, 5200, 'pending', '2019-02-11 17:56:16', '2019-02-11 17:56:16', NULL),
(13, 'hahaha', 'hahaha', '2019-01-17', 3, 1, 0, 10000, 'valid', '2019-01-15 17:17:56', '2019-02-01 23:53:55', 2);

-- --------------------------------------------------------

--
-- Table structure for table `work_order_types`
--

DROP TABLE IF EXISTS `work_order_types`;
CREATE TABLE IF NOT EXISTS `work_order_types` (
  `id` int(10) UNSIGNED NOT NULL AUTO_INCREMENT,
  `code` varchar(191) COLLATE utf8mb4_unicode_ci NOT NULL,
  `description` varchar(191) COLLATE utf8mb4_unicode_ci NOT NULL,
  PRIMARY KEY (`id`)
) ENGINE=MyISAM AUTO_INCREMENT=3 DEFAULT CHARSET=utf8mb4 COLLATE=utf8mb4_unicode_ci;

--
-- Dumping data for table `work_order_types`
--

INSERT INTO `work_order_types` (`id`, `code`, `description`) VALUES
(1, 'type 2', 'descript io type 2'),
(2, 'azerty', 'descriptio type 3');
COMMIT;

/*!40101 SET CHARACTER_SET_CLIENT=@OLD_CHARACTER_SET_CLIENT */;
/*!40101 SET CHARACTER_SET_RESULTS=@OLD_CHARACTER_SET_RESULTS */;
/*!40101 SET COLLATION_CONNECTION=@OLD_COLLATION_CONNECTION */;
